No,商品名,商品符号,MaisonKOSE,Amazon,楽天,ロハコ,＠コスメ,流通EC,,
1,ネイルホリック,DLMI005,https://maison.kose.co.jp/site/nailholic/g/gDLMI005/,https://www.amazon.co.jp/dp/B01CNFAN4W,https://item.rakuten.co.jp/rakuten24/4971710445138/,https://lohaco.jp/product/J479944/,,,,
2,ネイルホリック,DLMI006,https://maison.kose.co.jp/site/nailholic/g/gDLMI006/,https://www.amazon.co.jp/dp/B01CNFANTC,https://item.rakuten.co.jp/rakuten24/4971710445145/,https://lohaco.jp/product/J479891/,,,,
3,ネイルホリック,DLMI007,https://maison.kose.co.jp/site/nailholic/g/gDLMI005/,https://www.amazon.co.jp/dp/B01CNFAX7E,https://item.rakuten.co.jp/rakuten24/4971710445282/,https://lohaco.jp/product/J479949/,,,,
4,ネイルホリック,DLMI008,https://maison.kose.co.jp/site/nailholic/g/gDLMI305/,https://www.amazon.co.jp/dp/B01CNFAZXG,掲載無し,https://lohaco.jp/product/J479875/,,,,
5,ネイルホリック,DLMI009,https://maison.kose.co.jp/site/nailholic/g/gDLMI305/,https://www.amazon.co.jp/dp/B01CNFB0SA,https://item.rakuten.co.jp/rakuten24/4971710445336/,https://lohaco.jp/product/J479878/,,,,
6,ネイルホリック,DLMI010,https://maison.kose.co.jp/site/nailholic/g/gDLMI305/,https://www.amazon.co.jp/dp/B01CNFB1NO,https://item.rakuten.co.jp/rakuten24/4971710445343/,https://lohaco.jp/product/J479874/,,,,
7,ネイルホリック,DLMI011,https://maison.kose.co.jp/site/nailholic/g/gDLMI011/,https://www.amazon.co.jp/dp/B01CNFB1NO,https://item.rakuten.co.jp/rakuten24/4971710445428/,https://lohaco.jp/product/J479776/,,,,
8,ネイルホリック,DLMI012,https://maison.kose.co.jp/site/nailholic/g/gDLMI011/,https://www.amazon.co.jp/dp/B01CNFB95O,https://item.rakuten.co.jp/rakuten24/4971710445435/,https://lohaco.jp/product/J479775/,,,,
9,ネイルホリック,DLMI013,https://maison.kose.co.jp/site/nailholic/g/gDLMI914/,https://www.amazon.co.jp/dp/B07DHW3NNJ,掲載無し,https://lohaco.jp/product/J479800/,,,,
10,ネイルホリック,DLMI014,https://maison.kose.co.jp/site/nailholic/g/gDLMI914/,https://www.amazon.co.jp/dp/B07DHRKRYR,掲載無し,https://lohaco.jp/product/J479801/,,,,
11,ネイルホリック,DLMI015,https://maison.kose.co.jp/site/nailholic/g/gDLMI914/,https://www.amazon.co.jp/dp/B07DHZNV5V,掲載無し,https://lohaco.jp/product/J479802/,,,,
12,ネイルホリック,DLMI016,https://maison.kose.co.jp/site/nailholic/g/gDLMI915/,https://www.amazon.co.jp/dp/B07DHV3ZVZ,https://item.rakuten.co.jp/rakuten24/4971710475333/,https://lohaco.jp/product/J479882/,,,,
13,ネイルホリック,DLMI017,https://maison.kose.co.jp/site/nailholic/g/gDLMI915/,https://www.amazon.co.jp/dp/B07DHRKRSV,https://item.rakuten.co.jp/rakuten24/4971710475357/,https://lohaco.jp/product/J479884/,,,,
14,ネイルホリック,DLMI018,https://maison.kose.co.jp/site/nailholic/g/gDLMI915/,https://www.amazon.co.jp/dp/B07DHVN8TT,https://item.rakuten.co.jp/rakuten24/4971710475364/,https://lohaco.jp/product/J479885/,,,,
15,ネイルホリック,DLMI019,https://maison.kose.co.jp/site/nailholic/g/gDLMI915/,https://www.amazon.co.jp/dp/B07DJ6BCRT,https://item.rakuten.co.jp/rakuten24/4971710475388/,https://lohaco.jp/product/J479887/,,,,
16,ネイルホリック,DLMI028,https://maison.kose.co.jp/site/nailholic/g/gDLMI028/,https://www.amazon.co.jp/dp/B079ZXQNM9,https://item.rakuten.co.jp/rakuten24/4971710479447/,https://lohaco.jp/product/J479851/,,,,
17,ネイルホリック,DLMI029,https://maison.kose.co.jp/site/nailholic/g/gDLMI028/,https://www.amazon.co.jp/dp/B079ZXQ28D,https://item.rakuten.co.jp/rakuten24/4971710479454/,https://lohaco.jp/product/J479850/,,,,
18,ネイルホリック,DLMI040,https://maison.kose.co.jp/site/nailholic/g/gDLMI317/,https://www.amazon.co.jp/dp/B07DHZKSFG,https://item.rakuten.co.jp/rakuten24/4971710475449/,https://lohaco.jp/product/J479827/,,,,
19,ネイルホリック,DLMI041,https://maison.kose.co.jp/site/nailholic/g/gDLMI011/,https://www.amazon.co.jp/dp/B07DHRKPTL,https://item.rakuten.co.jp/rakuten24/4971710475531/,https://lohaco.jp/product/J479777/,,,,
20,ネイルホリック,DLMI042,https://maison.kose.co.jp/site/nailholic/g/gDLMI011/,https://www.amazon.co.jp/dp/B07DHRKT4F,https://item.rakuten.co.jp/rakuten24/4971710475548/,https://lohaco.jp/product/J479778/,,,,
21,ネイルホリック,DLMI043,https://maison.kose.co.jp/site/nailholic/g/gDLMI011/,https://www.amazon.co.jp/dp/B07DHVTVJ2,https://item.rakuten.co.jp/rakuten24/4971710475555/,https://lohaco.jp/product/J479779/,,,,
22,ネイルホリック,DLMI044,https://maison.kose.co.jp/site/nailholic/g/gDLMI317/,https://www.amazon.co.jp/dp/B07DJ8Z3ND,掲載無し,https://lohaco.jp/product/J479833/,,,,
23,ネイルホリック,DLMI103,https://maison.kose.co.jp/site/nailholic/g/gDLMI903/,https://www.amazon.co.jp/dp/B01CNFAGLM,https://item.rakuten.co.jp/rakuten24/4971710445046/,https://lohaco.jp/product/J479909/,,,,
24,ネイルホリック,DLMI104,https://maison.kose.co.jp/site/nailholic/g/gDLMI305/,https://www.amazon.co.jp/dp/B01CNFAHBG,https://item.rakuten.co.jp/rakuten24/4971710445053/,https://lohaco.jp/product/J479880/,,,,
25,ネイルホリック,DLMI105,https://maison.kose.co.jp/site/nailholic/g/gDLMI305/,https://www.amazon.co.jp/dp/B01CNFB48G,https://item.rakuten.co.jp/rakuten24/4971710445374/,https://lohaco.jp/product/J479881/,,,,
26,ネイルホリック,DLMI106,https://maison.kose.co.jp/site/nailholic/g/gDLMI305/,https://www.amazon.co.jp/dp/B01CNFB4VI,https://item.rakuten.co.jp/rakuten24/4971710445381/,https://lohaco.jp/product/J479872/,,,,
27,ネイルホリック,DLMI107,https://maison.kose.co.jp/site/nailholic/g/gDLMI204/,https://www.amazon.co.jp/dp/B01KLNGN2Y,https://item.rakuten.co.jp/rakuten24/4971710466447/,https://lohaco.jp/product/J479919/,,,,
28,ネイルホリック,DLMI108,https://maison.kose.co.jp/site/nailholic/g/gDLMI204/,https://www.amazon.co.jp/dp/B01KLNH0MQ,https://item.rakuten.co.jp/rakuten24/4971710466454/,https://lohaco.jp/product/J479918/,,,,
29,ネイルホリック,DLMI109,https://maison.kose.co.jp/site/nailholic/g/gDLMI818/,https://www.amazon.co.jp/dp/B06XXH3P3Z,掲載無し,https://lohaco.jp/product/J479796/,,,,
30,ネイルホリック,DLMI110,https://maison.kose.co.jp/site/nailholic/g/gDLMI706/,https://www.amazon.co.jp/dp/B07DHW3W1S,掲載無し,https://lohaco.jp/product/J479864/,,,,
31,ネイルホリック,DLMI111,https://maison.kose.co.jp/site/nailholic/g/gDLMI914/,https://www.amazon.co.jp/dp/B07DHW3NG1,https://item.rakuten.co.jp/rakuten24/4971710475241/,https://lohaco.jp/product/J479799/,,,,
32,ネイルホリック,DLMI112,https://maison.kose.co.jp/site/nailholic/g/gDLMI914/,https://www.amazon.co.jp/dp/B07DHV9PH9,https://item.rakuten.co.jp/rakuten24/4971710475296/,https://lohaco.jp/product/J479804/,,,,
33,ネイルホリック,DLMI113,https://maison.kose.co.jp/site/nailholic/g/gDLMI915/,https://www.amazon.co.jp/dp/B07DHVSCB7,https://item.rakuten.co.jp/rakuten24/4971710475401/,https://lohaco.jp/product/J479889/,,,,
34,ネイルホリック,DLMI114,https://maison.kose.co.jp/site/nailholic/g/gDLMI915/,https://www.amazon.co.jp/dp/B07DHV9PDR,https://item.rakuten.co.jp/rakuten24/4971710475418/,https://lohaco.jp/product/J479890/,,,,
35,ネイルホリック,DLMI115,https://maison.kose.co.jp/site/nailholic/g/gDLMI917/,https://www.amazon.co.jp/dp/B079ZMTPG1,https://item.rakuten.co.jp/rakuten24/4971710479379/,https://lohaco.jp/product/J479838/,,,,
36,ネイルホリック,DLMI116,https://maison.kose.co.jp/site/nailholic/g/gDLMI028/,https://www.amazon.co.jp/dp/B079ZTJ1LQ,https://item.rakuten.co.jp/rakuten24/4971710479416/,https://lohaco.jp/product/J479849/,,,,
37,ネイルホリック,DLMI200,https://maison.kose.co.jp/site/nailholic/g/gDLMI903/,https://www.amazon.co.jp/dp/B01CNFBHJC,https://item.rakuten.co.jp/rakuten24/4971710444872/,https://lohaco.jp/product/J479904/,,,,
38,ネイルホリック,DLMI201,https://maison.kose.co.jp/site/nailholic/g/gDLMI903/,https://www.amazon.co.jp/dp/B01CNFBIDW,掲載無し,https://lohaco.jp/product/J479912/,,,,
39,ネイルホリック,DLMI202,https://maison.kose.co.jp/site/nailholic/g/gDLMI903/,https://www.amazon.co.jp/dp/B01CNFBJ2M,掲載無し,https://lohaco.jp/product/J479905/,,,,
40,ネイルホリック,DLMI204,https://maison.kose.co.jp/site/nailholic/g/gDLMI204/,https://www.amazon.co.jp/dp/B01KLNGY3W,掲載無し,https://lohaco.jp/product/J479916/,,,,
41,ネイルホリック,DLMI205,https://maison.kose.co.jp/site/nailholic/g/gDLMI204/,https://www.amazon.co.jp/dp/B01KLNGLL2,掲載無し,https://lohaco.jp/product/J479917/,,,,
42,ネイルホリック,DLMI206,https://maison.kose.co.jp/site/nailholic/g/gDLMI818/,https://www.amazon.co.jp/dp/B06XXXV4W4,掲載無し,https://lohaco.jp/product/J479793/,,,,
43,ネイルホリック,DLMI207,https://maison.kose.co.jp/site/nailholic/g/gDLMI706/,https://www.amazon.co.jp/dp/B07DHZDGPZ,https://item.rakuten.co.jp/rakuten24/4971710475210/,https://lohaco.jp/product/J479867/,,,,
44,ネイルホリック,DLMI208,https://maison.kose.co.jp/site/nailholic/g/gDLMI917/,https://www.amazon.co.jp/dp/B079ZTBGNK,掲載無し,https://lohaco.jp/product/J479834/,,,,
45,ネイルホリック,DLMI209,https://maison.kose.co.jp/site/nailholic/g/gDLMI209/,https://www.amazon.co.jp/dp/B0845HKTRN,掲載無し,https://lohaco.jp/product/X355598/,,,,
46,ネイルホリック,DLMI210,https://maison.kose.co.jp/site/nailholic/g/gDLMI209/,https://www.amazon.co.jp/dp/B0845HGSXZ,掲載無し,https://lohaco.jp/product/X355609/,,,,
47,ネイルホリック,DLMI300,https://maison.kose.co.jp/site/nailholic/g/gDLMI006/,https://www.amazon.co.jp/dp/B01CNFAOP0,掲載無し,https://lohaco.jp/product/J479892/,,,,
48,ネイルホリック,DLMI301,https://maison.kose.co.jp/site/nailholic/g/gDLMI006/,https://www.amazon.co.jp/dp/B01CNFAPFY,https://item.rakuten.co.jp/rakuten24/4971710445169/,https://lohaco.jp/product/J479893/,,,,
49,ネイルホリック,DLMI302,https://maison.kose.co.jp/site/nailholic/g/gDLMI006/,https://www.amazon.co.jp/dp/B01CNFAQ1C,https://item.rakuten.co.jp/rakuten24/4971710445176/,https://lohaco.jp/product/J479897/,,,,
50,ネイルホリック,DLMI303,https://maison.kose.co.jp/site/nailholic/g/gDLMI006/,https://www.amazon.co.jp/dp/B01CNFAWG6,https://item.rakuten.co.jp/rakuten24/4971710445275/,https://lohaco.jp/product/J479895/,,,,
51,ネイルホリック,DLMI304,https://maison.kose.co.jp/site/nailholic/g/gDLMI005/,https://www.amazon.co.jp/dp/B01CNFAXTM,https://item.rakuten.co.jp/rakuten24/4971710445299/,https://lohaco.jp/product/J479948/,,,,
52,ネイルホリック,DLMI305,https://maison.kose.co.jp/site/nailholic/g/gDLMI305/,https://www.amazon.co.jp/dp/B01CNFAYMI,https://item.rakuten.co.jp/rakuten24/4971710445305/,https://lohaco.jp/product/J479879/,,,,
53,ネイルホリック,DLMI306,https://maison.kose.co.jp/site/nailholic/g/gDLMI307/,https://www.amazon.co.jp/dp/B01KLNH1PC,https://item.rakuten.co.jp/rakuten24/4971710466485/,https://lohaco.jp/product/J479926/,,,,
54,ネイルホリック,DLMI307,https://maison.kose.co.jp/site/nailholic/g/gDLMI307/,https://www.amazon.co.jp/dp/B01KLNH7O2,https://item.rakuten.co.jp/rakuten24/4971710466492/,https://lohaco.jp/product/J479927/,,,,
55,ネイルホリック,DLMI308,https://maison.kose.co.jp/site/nailholic/g/gDLMI307/,https://www.amazon.co.jp/dp/B01KLNGPV8,https://item.rakuten.co.jp/rakuten24/4971710466508/,https://lohaco.jp/product/J479929/,,,,
56,ネイルホリック,DLMI309,https://maison.kose.co.jp/site/nailholic/g/gDLMI307/,https://www.amazon.co.jp/dp/B01KLNH8W8,https://item.rakuten.co.jp/rakuten24/4971710466515/,https://lohaco.jp/product/J479928/,,,,
57,ネイルホリック,DLMI310,https://maison.kose.co.jp/site/nailholic/g/gDLMI812/,https://www.amazon.co.jp/dp/B06XY2F6MJ,https://item.rakuten.co.jp/rakuten24/4971710471724/,https://lohaco.jp/product/J479937/,,,,
58,ネイルホリック,DLMI311,https://maison.kose.co.jp/site/nailholic/g/gDLMI706/,https://www.amazon.co.jp/dp/B07DHVS524,https://item.rakuten.co.jp/rakuten24/4971710475227/,https://lohaco.jp/product/J479868/,,,,
59,ネイルホリック,DLMI312,https://maison.kose.co.jp/site/nailholic/g/gDLMI914/,https://www.amazon.co.jp/dp/B07DHV421N,掲載無し,https://lohaco.jp/product/J479803/,,,,
60,ネイルホリック,DLMI313,https://maison.kose.co.jp/site/nailholic/g/gDLMI914/,https://www.amazon.co.jp/dp/B07DHV3ZWG,掲載無し,https://lohaco.jp/product/J479807/,,,,
61,ネイルホリック,DLMI314,https://maison.kose.co.jp/site/nailholic/g/gDLMI915/,https://www.amazon.co.jp/dp/B07DHZP5SD,https://item.rakuten.co.jp/rakuten24/4971710475371/,https://lohaco.jp/product/J479886/,,,,
62,ネイルホリック,DLMI315,https://maison.kose.co.jp/site/nailholic/g/gDLMI915/,https://www.amazon.co.jp/dp/B07DHVZBKM,https://item.rakuten.co.jp/rakuten24/4971710475395/,https://lohaco.jp/product/J479888/,,,,
63,ネイルホリック,DLMI316,https://maison.kose.co.jp/site/nailholic/g/gDLMI317/,https://www.amazon.co.jp/dp/B07DHRHHNG,https://item.rakuten.co.jp/rakuten24/4971710475463/,https://lohaco.jp/product/J479829/,,,,
64,ネイルホリック,DLMI317,https://maison.kose.co.jp/site/nailholic/g/gDLMI317/,https://www.amazon.co.jp/dp/B07DJ73BLK,掲載無し,https://lohaco.jp/product/J479830/,,,,
65,ネイルホリック,DLMI318,https://maison.kose.co.jp/site/nailholic/g/gDLMI317/,https://www.amazon.co.jp/dp/B07DHRKRXC,https://item.rakuten.co.jp/rakuten24/4971710475487/,https://lohaco.jp/product/J479831/,,,,
66,ネイルホリック,DLMI319,https://maison.kose.co.jp/site/nailholic/g/gDLMI317/,https://www.amazon.co.jp/dp/B07DHW3RXY,https://item.rakuten.co.jp/rakuten24/4971710475494/,https://lohaco.jp/product/J479832/,,,,
67,ネイルホリック,DLMI320,https://maison.kose.co.jp/site/nailholic/g/gDLMI914/,https://www.amazon.co.jp/dp/B07DHZNVDY,https://item.rakuten.co.jp/rakuten24/4971710475517/,https://lohaco.jp/product/J479808/,,,,
68,ネイルホリック,DLMI321,https://maison.kose.co.jp/site/nailholic/g/gDLMI209/,https://www.amazon.co.jp/dp/B0845HC6PW,掲載無し,https://lohaco.jp/product/X355595/,,,,
69,ネイルホリック,DLMI400,https://maison.kose.co.jp/site/nailholic/g/gDLMI305/,https://www.amazon.co.jp/dp/B01CNFBGPW,掲載無し,https://lohaco.jp/product/J479870/,,,,
70,ネイルホリック,DLMI402,https://maison.kose.co.jp/site/nailholic/g/gDLMI305/,https://www.amazon.co.jp/dp/B01CNFB2CO,https://item.rakuten.co.jp/rakuten24/4971710445350/,https://lohaco.jp/product/J479876/,,,,
71,ネイルホリック,DLMI403,https://maison.kose.co.jp/site/nailholic/g/gDLMI305/,https://www.amazon.co.jp/dp/B06XXLMVQQ,https://item.rakuten.co.jp/rakuten24/4971710445367/,https://lohaco.jp/product/J479871/,,,,
72,ネイルホリック,DLMI404,https://maison.kose.co.jp/site/nailholic/g/gDLMI204/,https://www.amazon.co.jp/dp/B01KLNGWZC,https://item.rakuten.co.jp/rakuten24/4971710466409/,https://lohaco.jp/product/J479925/,,,,
73,ネイルホリック,DLMI405,https://maison.kose.co.jp/site/nailholic/g/gDLMI204/,https://www.amazon.co.jp/dp/B01KLNGT0A,https://item.rakuten.co.jp/rakuten24/4971710466416/,https://lohaco.jp/product/J479924/,,,,
74,ネイルホリック,DLMI406,https://maison.kose.co.jp/site/nailholic/g/gDLMI910/,https://www.amazon.co.jp/dp/B06XXXV4WG,https://item.rakuten.co.jp/rakuten24/4971710471854/,https://lohaco.jp/product/J479903/,,,,
75,ネイルホリック,DLMI407,https://maison.kose.co.jp/site/nailholic/g/gDLMI706/,https://www.amazon.co.jp/dp/B07DHW3RX4,https://item.rakuten.co.jp/rakuten24/4971710475197/,https://lohaco.jp/product/J479865/,,,,
76,ネイルホリック,DLMI408,https://maison.kose.co.jp/site/nailholic/g/gDLMI706/,https://www.amazon.co.jp/dp/B07DHRHHLZ,掲載無し,https://lohaco.jp/product/J479866/,,,,
77,ネイルホリック,DLMI409,https://maison.kose.co.jp/site/nailholic/g/gDLMI028/,https://www.amazon.co.jp/dp/B079ZV9VNW,掲載無し,https://lohaco.jp/product/J479848/,,,,
78,ネイルホリック,DLMI410,https://maison.kose.co.jp/site/nailholic/g/gDLMI209/,https://www.amazon.co.jp/dp/B0845H3D9K,掲載無し,https://lohaco.jp/product/X355602/,,,,
79,ネイルホリック,DLMI411,https://maison.kose.co.jp/site/nailholic/g/gDLMI209/,https://www.amazon.co.jp/dp/B0845HJNR6,掲載無し,https://lohaco.jp/product/X355606/,,,,
80,ネイルホリック,DLMI412,https://maison.kose.co.jp/site/nailholic/g/gDLMI209/,https://www.amazon.co.jp/dp/B0845H4DXW,掲載無し,https://lohaco.jp/product/X355607/,,,,
81,ネイルホリック,DLMI413,https://maison.kose.co.jp/site/nailholic/g/gDLMI209/,https://www.amazon.co.jp/dp/B0845H51B6,掲載無し,https://lohaco.jp/product/X355612/,,,,
82,ネイルホリック,DLMI414,https://maison.kose.co.jp/site/nailholic/g/gDLMI209/,https://www.amazon.co.jp/dp/B0845HCHNN,掲載無し,https://lohaco.jp/product/X355589/,,,,
83,ネイルホリック,DLMI502,https://maison.kose.co.jp/site/nailholic/g/gDLMI903/,https://www.amazon.co.jp/dp/B01CNFA7SE,https://item.rakuten.co.jp/rakuten24/4971710444933,https://lohaco.jp/product/J479906/,,,,
84,ネイルホリック,DLMI503,https://maison.kose.co.jp/site/nailholic/g/gDLMI204/,https://www.amazon.co.jp/dp/B01KLNGZAE,https://item.rakuten.co.jp/rakuten24/4971710466379/,https://lohaco.jp/product/J479915/,,,,
85,ネイルホリック,DLMI504,https://maison.kose.co.jp/site/nailholic/g/gDLMI818/,https://www.amazon.co.jp/dp/B06XXS7CLL,掲載無し,https://lohaco.jp/product/J479792/,,,,
86,ネイルホリック,DLMI505,https://maison.kose.co.jp/site/nailholic/g/gDLMI910/,https://www.amazon.co.jp/dp/B06XY1TRMG,https://item.rakuten.co.jp/rakuten24/4971710471809/,https://lohaco.jp/product/J479898/,,,,
87,ネイルホリック,DLMI506,https://maison.kose.co.jp/site/nailholic/g/gDLMI317/,https://www.amazon.co.jp/dp/B07DHZVGWM,掲載無し,https://lohaco.jp/product/J479828/,,,,
88,ネイルホリック,DLMI507,https://maison.kose.co.jp/site/nailholic/g/gDLMI706/,https://www.amazon.co.jp/dp/B07DJ7NPF4,https://item.rakuten.co.jp/rakuten24/4971710475500/,https://lohaco.jp/product/J479869/,,,,
89,ネイルホリック,DLMI508,https://maison.kose.co.jp/site/nailholic/g/gDLMI917/,https://www.amazon.co.jp/dp/B079ZWMX33,掲載無し,https://lohaco.jp/product/J479845/,,,,
90,ネイルホリック,DLMI600,https://maison.kose.co.jp/site/nailholic/g/gDLMI903/,https://www.amazon.co.jp/dp/B01CNFAAI6,掲載無し,https://lohaco.jp/product/J479910/,,,,
91,ネイルホリック,DLMI601,https://maison.kose.co.jp/site/nailholic/g/gDLMI903/,https://www.amazon.co.jp/dp/B01CNFAI4M,掲載無し,https://lohaco.jp/product/J479911/,,,,
92,ネイルホリック,DLMI602,https://maison.kose.co.jp/site/nailholic/g/gDLMI005/,https://www.amazon.co.jp/dp/B01CNFAQUI,https://item.rakuten.co.jp/rakuten24/4971710445183/,https://lohaco.jp/product/J479946/,,,,
93,ネイルホリック,DLMI603,https://maison.kose.co.jp/site/nailholic/g/gDLMI005/,https://www.amazon.co.jp/dp/B01CNFARLQ,https://item.rakuten.co.jp/rakuten24/4971710445190/,https://lohaco.jp/product/J479945/,,,,
94,ネイルホリック,DLMI604,https://maison.kose.co.jp/site/nailholic/g/gDLMI204/,https://www.amazon.co.jp/dp/B01KLNGU7C,https://item.rakuten.co.jp/rakuten24/4971710466461/,https://lohaco.jp/product/J479922/,,,,
95,ネイルホリック,DLMI605,https://maison.kose.co.jp/site/nailholic/g/gDLMI910/,https://www.amazon.co.jp/dp/B06XXXY1LP,https://item.rakuten.co.jp/rakuten24/4971710471847/,https://lohaco.jp/product/J479902/,,,,
96,ネイルホリック,DLMI606,https://maison.kose.co.jp/site/nailholic/g/gDLMI706/,https://www.amazon.co.jp/dp/B07DHZCYGX,掲載無し,https://lohaco.jp/product/J479863/,,,,
97,ネイルホリック,DLMI702,https://maison.kose.co.jp/site/nailholic/g/gDLMI204/,https://www.amazon.co.jp/dp/B01KLNGJDC,https://item.rakuten.co.jp/rakuten24/4971710466423/,https://lohaco.jp/product/J479920/,,,,
98,ネイルホリック,DLMI703,https://maison.kose.co.jp/site/nailholic/g/gDLMI307/,https://www.amazon.co.jp/dp/B01KLNGOKK,https://item.rakuten.co.jp/rakuten24/4971710466522/,https://lohaco.jp/product/J479930/,,,,
99,ネイルホリック,DLMI704,https://maison.kose.co.jp/site/nailholic/g/gDLMI307/,https://www.amazon.co.jp/dp/B01KLNGVIK,https://item.rakuten.co.jp/rakuten24/4971710466539/,https://lohaco.jp/product/J479931/,,,,
100,ネイルホリック,DLMI705,https://maison.kose.co.jp/site/nailholic/g/gDLMI910/,https://www.amazon.co.jp/dp/B06XY3F82T,https://item.rakuten.co.jp/rakuten24/4971710471816/,https://lohaco.jp/product/J479899/,,,,
101,ネイルホリック,DLMI706,https://maison.kose.co.jp/site/nailholic/g/gDLMI706/,https://www.amazon.co.jp/dp/B07DHV3ZX2,https://item.rakuten.co.jp/rakuten24/4971710475135/,https://lohaco.jp/product/J479859/,,,,
102,ネイルホリック,DLMI707,https://maison.kose.co.jp/site/nailholic/g/gDLMI706/,https://www.amazon.co.jp/dp/B07DHW78ML,掲載無し,https://lohaco.jp/product/J479860/,,,,
103,ネイルホリック,DLMI708,https://maison.kose.co.jp/site/nailholic/g/gDLMI317/,https://www.amazon.co.jp/dp/B07DHZND18,掲載無し,https://lohaco.jp/product/J479826/,,,,
104,ネイルホリック,DLMI709,https://maison.kose.co.jp/site/nailholic/g/gDLMI917/,https://www.amazon.co.jp/dp/B079ZVKDVD,https://item.rakuten.co.jp/rakuten24/4971710479324/,https://lohaco.jp/product/J479844/,,,,
105,ネイルホリック,DLMI710,https://maison.kose.co.jp/site/nailholic/g/gDLMI917/,https://www.amazon.co.jp/dp/B079ZYK1NK,https://item.rakuten.co.jp/rakuten24/4971710479355/,https://lohaco.jp/product/J479836/,,,,
106,ネイルホリック,DLMI711,https://maison.kose.co.jp/site/nailholic/g/gDLMI917/,https://www.amazon.co.jp/dp/B079ZSF8X9,https://item.rakuten.co.jp/rakuten24/4971710479393/,https://lohaco.jp/product/J479839/,,,,
107,ネイルホリック,DLMI712,https://maison.kose.co.jp/site/nailholic/g/gDLMI028/,https://www.amazon.co.jp/dp/B079ZSL6YG,掲載無し,https://lohaco.jp/product/J479847/,,,,
108,ネイルホリック,DLMI713,https://maison.kose.co.jp/site/nailholic/g/gDLMI713/,https://www.amazon.co.jp/dp/B0845HCJDG,掲載無し,https://lohaco.jp/product/X355608/,,,,
109,ネイルホリック,DLMI714,https://maison.kose.co.jp/site/nailholic/g/gDLMI713/,https://www.amazon.co.jp/dp/B0845H72F5,掲載無し,https://lohaco.jp/product/X355592/,,,,
110,ネイルホリック,DLMI715,https://maison.kose.co.jp/site/nailholic/g/gDLMI713/,https://www.amazon.co.jp/dp/B0845H5G8G,掲載無し,https://lohaco.jp/product/X355591/,,,,
111,ネイルホリック,DLMI716,https://maison.kose.co.jp/site/nailholic/g/gDLMI713/,https://www.amazon.co.jp/dp/B0845HLP5Q,掲載無し,https://lohaco.jp/product/X355626/,,,,
112,ネイルホリック,DLMI800,https://maison.kose.co.jp/site/nailholic/g/gDLMI903/,https://www.amazon.co.jp/dp/B01CNFAU9K,https://item.rakuten.co.jp/rakuten24/4971710445237/,https://lohaco.jp/product/J479913/,,,,
113,ネイルホリック,DLMI801,https://maison.kose.co.jp/site/nailholic/g/gDLMI903/,https://www.amazon.co.jp/dp/B01CNFAZ9A,掲載無し,https://lohaco.jp/product/J479914/,,,,
114,ネイルホリック,DLMI804,https://maison.kose.co.jp/site/nailholic/g/gDLMI005/,https://www.amazon.co.jp/dp/B01CNFASCE,https://item.rakuten.co.jp/rakuten24/4971710445206/,https://lohaco.jp/product/J479940/,,,,
115,ネイルホリック,DLMI805,https://maison.kose.co.jp/site/nailholic/g/gDLMI005/,https://www.amazon.co.jp/dp/B01CNFAT0A,https://item.rakuten.co.jp/rakuten24/4971710445213/,https://lohaco.jp/product/J479947/,,,,
116,ネイルホリック,DLMI806,https://maison.kose.co.jp/site/nailholic/g/gDLMI005/,https://www.amazon.co.jp/dp/B01CNFATLO,https://item.rakuten.co.jp/rakuten24/4971710445220/,https://lohaco.jp/product/J479941/,,,,
117,ネイルホリック,DLMI807,https://maison.kose.co.jp/site/nailholic/g/gDLMI005/,https://www.amazon.co.jp/dp/B01CNFAUUE,https://item.rakuten.co.jp/rakuten24/4971710445244/,https://lohaco.jp/product/J479939/,,,,
118,ネイルホリック,DLMI808,https://maison.kose.co.jp/site/nailholic/g/gDLMI005/,https://www.amazon.co.jp/dp/B01CNFAVDK,https://item.rakuten.co.jp/rakuten24/4971710445251/,https://lohaco.jp/product/J479942/,,,,
119,ネイルホリック,DLMI809,https://maison.kose.co.jp/site/nailholic/g/gDLMI005/,https://www.amazon.co.jp/dp/B01CNFAVYY,掲載無し,https://lohaco.jp/product/J479943/,,,,
120,ネイルホリック,DLMI810,https://maison.kose.co.jp/site/nailholic/g/gDLMI204/,https://www.amazon.co.jp/dp/B01KLNGR7K,https://item.rakuten.co.jp/rakuten24/4971710466478/,https://lohaco.jp/product/J479923/,,,,
121,ネイルホリック,DLMI811,https://maison.kose.co.jp/site/nailholic/g/gDLMI812/,https://www.amazon.co.jp/dp/B06XXZHG8P,https://item.rakuten.co.jp/rakuten24/4971710471670/,https://lohaco.jp/product/J479932/,,,,
122,ネイルホリック,DLMI812,https://maison.kose.co.jp/site/nailholic/g/gDLMI812/,https://www.amazon.co.jp/dp/B06XXYFH6Q,掲載無し,https://lohaco.jp/product/J479933/,,,,
123,ネイルホリック,DLMI813,https://maison.kose.co.jp/site/nailholic/g/gDLMI812/,https://www.amazon.co.jp/dp/B06XXZFK49,掲載無し,https://lohaco.jp/product/J479934/,,,,
124,ネイルホリック,DLMI814,https://maison.kose.co.jp/site/nailholic/g/gDLMI812/,https://www.amazon.co.jp/dp/B06XXXTK4V,掲載無し,https://lohaco.jp/product/J479935/,,,,
125,ネイルホリック,DLMI815,https://maison.kose.co.jp/site/nailholic/g/gDLMI812/,https://www.amazon.co.jp/dp/B06XXZHG8S,https://item.rakuten.co.jp/rakuten24/4971710471717/,https://lohaco.jp/product/J479936/,,,,
126,ネイルホリック,DLMI816,https://maison.kose.co.jp/site/nailholic/g/gDLMI812/,https://www.amazon.co.jp/dp/B06XY4FMC9,https://item.rakuten.co.jp/rakuten24/4971710471731/,https://lohaco.jp/product/J479938/,,,,
127,ネイルホリック,DLMI817,https://maison.kose.co.jp/site/nailholic/g/gDLMI818/,https://www.amazon.co.jp/dp/B06XXZHGQZ,https://item.rakuten.co.jp/rakuten24/4971710471748/,https://lohaco.jp/product/J479795/,,,,
128,ネイルホリック,DLMI818,https://maison.kose.co.jp/site/nailholic/g/gDLMI818/,https://www.amazon.co.jp/dp/B06XY2TP55,https://item.rakuten.co.jp/rakuten24/4971710471793/,https://lohaco.jp/product/J479794/,,,,
129,ネイルホリック,DLMI819,https://maison.kose.co.jp/site/nailholic/g/gDLMI706/,https://www.amazon.co.jp/dp/B07DHZKSD2,掲載無し,https://lohaco.jp/product/J479862/,,,,
130,ネイルホリック,DLMI820,https://maison.kose.co.jp/site/nailholic/g/gDLMI914/,https://www.amazon.co.jp/dp/B07DHZNGBM,掲載無し,https://lohaco.jp/product/J479805/,,,,
131,ネイルホリック,DLMI821,https://maison.kose.co.jp/site/nailholic/g/gDLMI914/,https://www.amazon.co.jp/dp/B07DHRKS2Q,https://item.rakuten.co.jp/rakuten24/4971710475319/,https://lohaco.jp/product/J479806/,,,,
132,ネイルホリック,DLMI822,https://maison.kose.co.jp/site/nailholic/g/gDLMI917/,https://www.amazon.co.jp/dp/B079ZWF2YD,掲載無し,https://lohaco.jp/product/J479841/,,,,
133,ネイルホリック,DLMI823,https://maison.kose.co.jp/site/nailholic/g/gDLMI917/,https://www.amazon.co.jp/dp/B079ZVTMY7,掲載無し,https://lohaco.jp/product/J479842/,,,,
134,ネイルホリック,DLMI824,https://maison.kose.co.jp/site/nailholic/g/gDLMI917/,https://www.amazon.co.jp/dp/B079ZX2RKV,掲載無し,https://lohaco.jp/product/J479835/,,,,
135,ネイルホリック,DLMI825,https://maison.kose.co.jp/site/nailholic/g/gDLMI917/,https://www.amazon.co.jp/dp/B079ZVM14L,https://item.rakuten.co.jp/rakuten24/4971710479386/,https://lohaco.jp/product/J479840/,,,,
136,ネイルホリック,DLMI827,https://maison.kose.co.jp/site/nailholic/g/gDLMI209/,https://www.amazon.co.jp/dp/B0845HCCGC,掲載無し,https://lohaco.jp/product/X355605/,,,,
137,ネイルホリック,DLMI828,https://maison.kose.co.jp/site/nailholic/g/gDLMI209/,https://www.amazon.co.jp/dp/B0845H4DXR,掲載無し,https://lohaco.jp/product/X355601/,,,,
138,ネイルホリック,DLMI903,https://maison.kose.co.jp/site/nailholic/g/gDLMI903/,https://www.amazon.co.jp/dp/B01CNFAD2O,掲載無し,https://lohaco.jp/product/J479907/,,,,
139,ネイルホリック,DLMI905,https://maison.kose.co.jp/site/nailholic/g/gDLMI305/,https://www.amazon.co.jp/dp/B01CNFB5LW,https://item.rakuten.co.jp/rakuten24/4971710445398/,https://lohaco.jp/product/J479877/,,,,
140,ネイルホリック,DLMI906,https://maison.kose.co.jp/site/nailholic/g/gDLMI305/,https://www.amazon.co.jp/dp/B01CNFB6D4,https://item.rakuten.co.jp/rakuten24/4971710445404/,https://lohaco.jp/product/J479873/,,,,
141,ネイルホリック,DLMI907,https://maison.kose.co.jp/site/nailholic/g/gDLMI204/,https://www.amazon.co.jp/dp/B01KLNH2W4,掲載無し,https://lohaco.jp/product/J479921/,,,,
142,ネイルホリック,DLMI908,https://maison.kose.co.jp/site/nailholic/g/gDLMI903/,https://www.amazon.co.jp/dp/B01KLNH486,https://item.rakuten.co.jp/rakuten24/4971710466546/,https://lohaco.jp/product/J479908/,,,,
143,ネイルホリック,DLMI909,https://maison.kose.co.jp/site/nailholic/g/gDLMI818/,https://www.amazon.co.jp/dp/B06XXXDRFJ,掲載無し,https://lohaco.jp/product/J479797/,,,,
144,ネイルホリック,DLMI910,https://maison.kose.co.jp/site/nailholic/g/gDLMI910/,https://www.amazon.co.jp/dp/B06XXH3QKP,https://item.rakuten.co.jp/rakuten24/4971710471823/,https://lohaco.jp/product/J479900/,,,,
145,ネイルホリック,DLMI911,https://maison.kose.co.jp/site/nailholic/g/gDLMI910/,https://www.amazon.co.jp/dp/B06XXJLVSW,https://item.rakuten.co.jp/rakuten24/4971710471830/,https://lohaco.jp/product/J479901/,,,,
146,ネイルホリック,DLMI912,https://maison.kose.co.jp/site/nailholic/g/gDLMI706/,https://www.amazon.co.jp/dp/B07DHW3NLQ,https://item.rakuten.co.jp/rakuten24/4971710475128/,https://lohaco.jp/product/J479858/,,,,
147,ネイルホリック,DLMI913,https://maison.kose.co.jp/site/nailholic/g/gDLMI706/,https://www.amazon.co.jp/dp/B07DHV7LJL,掲載無し,https://lohaco.jp/product/J479861/,,,,
148,ネイルホリック,DLMI914,https://maison.kose.co.jp/site/nailholic/g/gDLMI914/,https://www.amazon.co.jp/dp/B07DHW3SW7,https://item.rakuten.co.jp/rakuten24/4971710475234/,https://lohaco.jp/product/J479798/,,,,
149,ネイルホリック,DLMI915,https://maison.kose.co.jp/site/nailholic/g/gDLMI915/,https://www.amazon.co.jp/dp/B07DHW3STN,https://item.rakuten.co.jp/rakuten24/4971710475340/,https://lohaco.jp/product/J479883/,,,,
150,ネイルホリック,DLMI916,https://maison.kose.co.jp/site/nailholic/g/gDLMI317/,https://www.amazon.co.jp/dp/B07DHVK7RL,掲載無し,https://lohaco.jp/product/J479825/,,,,
151,ネイルホリック,DLMI917,https://maison.kose.co.jp/site/nailholic/g/gDLMI917/,https://www.amazon.co.jp/dp/B079ZTCNBT,掲載無し,https://lohaco.jp/product/J479843/,,,,
152,ネイルホリック,DLMI918,https://maison.kose.co.jp/site/nailholic/g/gDLMI917/,https://www.amazon.co.jp/dp/B079ZW2V3Z,掲載無し,https://lohaco.jp/product/J479837/,,,,
153,ネイルホリック,DLMI919,https://maison.kose.co.jp/site/nailholic/g/gDLMI028/,https://www.amazon.co.jp/dp/B079ZVN57K,https://item.rakuten.co.jp/rakuten24/4971710479409/,https://lohaco.jp/product/J479846/,,,,
154,ネイルホリック,DLMI920,https://maison.kose.co.jp/site/nailholic/g/gDLMI713/,https://www.amazon.co.jp/dp/B0845HHX9W,掲載無し,https://lohaco.jp/product/X355613/,,,,
155,ネイルホリック,DLMI921,https://maison.kose.co.jp/site/nailholic/g/gDLMI713/,https://www.amazon.co.jp/dp/B0845HC6Q1,掲載無し,https://lohaco.jp/product/X355615/,,,,
156,ネイルホリック,DLMI922,https://maison.kose.co.jp/site/nailholic/g/gDLMI713/,https://www.amazon.co.jp/dp/B0845H35ZS,掲載無し,未登録（確認中）,,,,
157,ネイルホリック アート,DLMA080,https://maison.kose.co.jp/site/nailholic/g/gDLMA083/,https://www.amazon.co.jp/dp/B01CNFBCWY,https://item.rakuten.co.jp/rakuten24/4971710444797/,https://lohaco.jp/product/J479791/,,,,
158,ネイルホリック アート,DLMA081,https://maison.kose.co.jp/site/nailholic/g/gDLMA083/,https://www.amazon.co.jp/dp/B01CNFBDV4,掲載無し,https://lohaco.jp/product/J479790/,,,,
159,ネイルホリック アート,DLMA082,https://maison.kose.co.jp/site/nailholic/g/gDLMA083/,https://www.amazon.co.jp/dp/B01CNFBENQ,https://item.rakuten.co.jp/rakuten24/4971710444810/,https://lohaco.jp/product/J479789/,,,,
160,ネイルホリック アート,DLMA083,https://maison.kose.co.jp/site/nailholic/g/gDLMA083/,https://www.amazon.co.jp/dp/B01CNFBFM6,https://item.rakuten.co.jp/rakuten24/4971710444827/,https://lohaco.jp/product/J479788/,,,,
161,ネイルホリック フローズンシュガー,DLMQ060,https://maison.kose.co.jp/site/nailholic/g/gDLMQ260/,https://www.amazon.co.jp/dp/B01CNFB7FQ,https://item.rakuten.co.jp/rakuten24/4971710444735/,https://lohaco.jp/product/J479819/,,,,
162,ネイルホリック フローズンシュガー,DLMQ260,https://maison.kose.co.jp/site/nailholic/g/gDLMQ260/,https://www.amazon.co.jp/dp/B079Y6QYXP,https://item.rakuten.co.jp/rakuten24/4971710479478/,https://lohaco.jp/product/J479824/,,,,
163,ネイルホリック フローズンシュガー,DLMQ561,https://maison.kose.co.jp/site/nailholic/g/gDLMQ260/,https://www.amazon.co.jp/dp/B079Y8VC6P,https://item.rakuten.co.jp/rakuten24/4971710479508/,https://lohaco.jp/product/J479823/,,,,
164,ネイルホリック フローズンシュガー,DLMQ760,https://maison.kose.co.jp/site/nailholic/g/gDLMQ260/,https://www.amazon.co.jp/dp/B079Z3N7R9,掲載無し,https://lohaco.jp/product/J479822/,,,,
165,ネイルホリック フローズンシュガー,DLMQ860,https://maison.kose.co.jp/site/nailholic/g/gDLMQ260/,https://www.amazon.co.jp/dp/B01CNFBA8U,https://item.rakuten.co.jp/rakuten24/4971710444766/,https://lohaco.jp/product/J479820/,,,,
166,ネイルホリック フローズンシュガー,DLMQ961,https://maison.kose.co.jp/site/nailholic/g/gDLMQ260/,https://www.amazon.co.jp/dp/B079Y529V8,https://item.rakuten.co.jp/rakuten24/4971710479461/,https://lohaco.jp/product/J479821/,,,,
167,ネイルホリック ファーモード,DLMT070,https://maison.kose.co.jp/site/nailholic/g/gDLMT370/,https://www.amazon.co.jp/dp/B01KLNHFSA,掲載無し,https://lohaco.jp/product/J479852/,,,,
168,ネイルホリック ファーモード,DLMT071,https://maison.kose.co.jp/site/nailholic/g/gDLMT370/,https://www.amazon.co.jp/dp/B01KLNHBFW,掲載無し,https://lohaco.jp/product/J479853/,,,,
169,ネイルホリック ファーモード,DLMT370,https://maison.kose.co.jp/site/nailholic/g/gDLMT370/,https://www.amazon.co.jp/dp/B01KLNHH5Q,掲載無し,https://lohaco.jp/product/J479854/,,,,
170,ネイルホリック ファーモード,DLMT371,https://maison.kose.co.jp/site/nailholic/g/gDLMT370/,https://www.amazon.co.jp/dp/B01KLNHA2Q,掲載無し,https://lohaco.jp/product/J479855/,,,,
171,ネイルホリック ファーモード,DLMT372,https://maison.kose.co.jp/site/nailholic/g/gDLMT370/,https://www.amazon.co.jp/dp/B01KLNHCW4,掲載無し,https://lohaco.jp/product/J479856/,,,,
172,ネイルホリック ファーモード,DLMT373,https://maison.kose.co.jp/site/nailholic/g/gDLMT370/,https://www.amazon.co.jp/dp/B01KLNHEFE,掲載無し,https://lohaco.jp/product/J479857/,,,,
173,ネイルホリック パーティーフレーク,DLMJ020,https://maison.kose.co.jp/site/nailholic/g/gDLMJ020/,https://www.amazon.co.jp/dp/B07DHV3ZZ4,https://item.rakuten.co.jp/rakuten24/4971710471274/,https://lohaco.jp/product/J479780/,,,,
174,ネイルホリック パーティーフレーク,DLMJ021,https://maison.kose.co.jp/site/nailholic/g/gDLMJ020/,https://www.amazon.co.jp/dp/B07DHW3VZ4,https://item.rakuten.co.jp/rakuten24/4971710471588/,https://lohaco.jp/product/J479781/,,,,
175,ネイルホリック パーティーフレーク,DLMJ022,https://maison.kose.co.jp/site/nailholic/g/gDLMJ020/,https://www.amazon.co.jp/dp/B07DJ6BCPB,掲載無し,https://lohaco.jp/product/J479782/,,,,
176,ネイルホリック パーティーフレーク,DLMJ023,https://maison.kose.co.jp/site/nailholic/g/gDLMJ020/,https://www.amazon.co.jp/dp/B07DHZND1B,掲載無し,https://lohaco.jp/product/J479783/,,,,
177,ネイルホリック パーティーフレーク,DLMJ024,https://maison.kose.co.jp/site/nailholic/g/gDLMJ020/,https://www.amazon.co.jp/dp/B07DHVK34S,https://item.rakuten.co.jp/rakuten24/4971710471632/,https://lohaco.jp/product/J479784/,,,,
178,ネイルホリック パーティーフレーク,DLMJ025,https://maison.kose.co.jp/site/nailholic/g/gDLMJ020/,https://www.amazon.co.jp/dp/B07DHZDGP5,https://item.rakuten.co.jp/rakuten24/4971710471649/,https://lohaco.jp/product/J479785/,,,,
179,ネイルホリック パーティーフレーク,DLMJ026,https://maison.kose.co.jp/site/nailholic/g/gDLMJ020/,https://www.amazon.co.jp/dp/B07DHV9FRV,https://item.rakuten.co.jp/rakuten24/4971710471656/,https://lohaco.jp/product/J479786/,,,,
180,ネイルホリック パーティーフレーク,DLMJ027,https://maison.kose.co.jp/site/nailholic/g/gDLMJ020/,https://www.amazon.co.jp/dp/B07DHRKPTV,https://item.rakuten.co.jp/rakuten24/4971710471663/,https://lohaco.jp/product/J479787/,,,,
181,ネイルホリック パステルスノー,DLMK050,https://maison.kose.co.jp/site/nailholic/g/gDLMK050/,https://www.amazon.co.jp/dp/B07DHV7QS1,掲載無し,https://lohaco.jp/product/J479813/,,,,
182,ネイルホリック パステルスノー,DLMK051,https://maison.kose.co.jp/site/nailholic/g/gDLMK050/,https://www.amazon.co.jp/dp/B07DHV9PKR,https://item.rakuten.co.jp/rakuten24/4971710471267/,https://lohaco.jp/product/J479818/,,,,
183,ネイルホリック パステルスノー,DLMK150,https://maison.kose.co.jp/site/nailholic/g/gDLMK050/,https://www.amazon.co.jp/dp/B07DHW3W6R,https://item.rakuten.co.jp/rakuten24/4971710471199/,https://lohaco.jp/product/J479811/,,,,
184,ネイルホリック パステルスノー,DLMK250,https://maison.kose.co.jp/site/nailholic/g/gDLMK050/,https://www.amazon.co.jp/dp/B07DHV9PCR,掲載無し,https://lohaco.jp/product/J479815/,,,,
185,ネイルホリック パステルスノー,DLMK550,https://maison.kose.co.jp/site/nailholic/g/gDLMK050/,https://www.amazon.co.jp/dp/B07DHZDGNJ,掲載無し,https://lohaco.jp/product/J479816/,,,,
186,ネイルホリック パステルスノー,DLMK750,https://maison.kose.co.jp/site/nailholic/g/gDLMK050/,https://www.amazon.co.jp/dp/B07DJ8Z3PQ,掲載無し,https://lohaco.jp/product/J479817/,,,,
187,ネイルホリック パステルスノー,DLMK850,https://maison.kose.co.jp/site/nailholic/g/gDLMK050/,https://www.amazon.co.jp/dp/B07DHRHHMC,https://item.rakuten.co.jp/rakuten24/4971710471175/,https://lohaco.jp/product/J479809/,,,,
188,ネイルホリック パステルスノー,DLMK851,https://maison.kose.co.jp/site/nailholic/g/gDLMK050/,https://www.amazon.co.jp/dp/B07DHV9FPJ,掲載無し,https://lohaco.jp/product/J479810/,,,,
189,ネイルホリック パステルスノー,DLMK852,https://maison.kose.co.jp/site/nailholic/g/gDLMK050/,https://www.amazon.co.jp/dp/B07DHZNV7B,https://item.rakuten.co.jp/rakuten24/4971710471229/,https://lohaco.jp/product/J479814/,,,,
190,ネイルホリック パステルスノー,DLMK950,https://maison.kose.co.jp/site/nailholic/g/gDLMK050/,https://www.amazon.co.jp/dp/B07DHW3QWK,https://item.rakuten.co.jp/rakuten24/4971710471205/,https://lohaco.jp/product/J479812/,,,,
191,ネイルホリック オーロラグリッター,DLNN062,https://maison.kose.co.jp/site/nailholic/g/gDLNN864/,https://www.amazon.co.jp/dp/B0845HMNW1,https://item.rakuten.co.jp/rakuten24/4971710507461/,https://lohaco.jp/product/X355627/,,,,
192,ネイルホリック オーロラグリッター,DLNN163,https://maison.kose.co.jp/site/nailholic/g/gDLNN864/,https://www.amazon.co.jp/dp/B0845HMNW2,https://item.rakuten.co.jp/rakuten24/4971710507454/,https://lohaco.jp/product/X355621/,,,,
193,ネイルホリック オーロラグリッター,DLNN563,https://maison.kose.co.jp/site/nailholic/g/gDLNN864/,https://www.amazon.co.jp/dp/B0845H5G8L,https://item.rakuten.co.jp/rakuten24/4971710507423/,https://lohaco.jp/product/X355619/,,,,
194,ネイルホリック オーロラグリッター,DLNN762,https://maison.kose.co.jp/site/nailholic/g/gDLNN864/,https://www.amazon.co.jp/dp/B0845H324Y,https://item.rakuten.co.jp/rakuten24/4971710507430/,https://lohaco.jp/product/X355638/,,,,
195,ネイルホリック オーロラグリッター,DLNN864,https://maison.kose.co.jp/site/nailholic/g/gDLNN864/,https://www.amazon.co.jp/dp/B0845HCDRZ,https://item.rakuten.co.jp/rakuten24/4971710507416/,https://lohaco.jp/product/X355614/,,,,
196,ネイルホリック オーロラグリッター,DLNN962,https://maison.kose.co.jp/site/nailholic/g/gDLNN864/,https://www.amazon.co.jp/dp/B0845HL7PG,https://item.rakuten.co.jp/rakuten24/4971710507447/,https://lohaco.jp/product/X355616/,,,,
197,ネイルホリック ２４＿７,DLNA380,https://maison.kose.co.jp/site/nailholic/g/gDLNA483/,https://www.amazon.co.jp/dp/B07T2Y7LG9,https://item.rakuten.co.jp/rakuten24/4971710494068/,https://lohaco.jp/product/P745056/,,,,
198,ネイルホリック ２４＿７,DLNA381,https://maison.kose.co.jp/site/nailholic/g/gDLNA483/,https://www.amazon.co.jp/dp/B07T2Y9TKW,https://item.rakuten.co.jp/rakuten24/4971710494075/,https://lohaco.jp/product/P745041/,,,,
199,ネイルホリック ２４＿７,DLNA382,https://maison.kose.co.jp/site/nailholic/g/gDLNA483/,https://www.amazon.co.jp/dp/B07T2Y7F4Y,https://item.rakuten.co.jp/rakuten24/4971710494082/,https://lohaco.jp/product/P745033/,,,,
200,ネイルホリック ２４＿７,DLNA383,https://maison.kose.co.jp/site/nailholic/g/gDLNA483/,https://www.amazon.co.jp/dp/B07T7539SP,https://item.rakuten.co.jp/rakuten24/4971710494099/,https://lohaco.jp/product/P745032/,,,,
201,ネイルホリック ２４＿７,DLNA384,https://maison.kose.co.jp/site/nailholic/g/gDLNA483/,https://www.amazon.co.jp/dp/B0845HL7NS,https://item.rakuten.co.jp/rakuten24/4971710497847/,https://lohaco.jp/product/X355586/,,,,
202,ネイルホリック ２４＿７,DLNA385,https://maison.kose.co.jp/site/nailholic/g/gDLNA483/,https://www.amazon.co.jp/dp/B0845H5DM1,https://item.rakuten.co.jp/rakuten24/4971710497854/,https://lohaco.jp/product/X355590/,,,,
203,ネイルホリック ２４＿７,DLNA480,https://maison.kose.co.jp/site/nailholic/g/gDLNA483/,https://www.amazon.co.jp/dp/B07T2Y9856,掲載無し,https://lohaco.jp/product/P745039/,,,,
204,ネイルホリック ２４＿７,DLNA481,https://maison.kose.co.jp/site/nailholic/g/gDLNA483/,https://www.amazon.co.jp/dp/B07T67N778,https://item.rakuten.co.jp/rakuten24/4971710494136/,https://lohaco.jp/product/P745050/,,,,
205,ネイルホリック ２４＿７,DLNA482,https://maison.kose.co.jp/site/nailholic/g/gDLNA483/,https://www.amazon.co.jp/dp/B0845HCCG9,https://item.rakuten.co.jp/rakuten24/4971710497816/,https://lohaco.jp/product/X355594/,,,,
206,ネイルホリック ２４＿７,DLNA483,https://maison.kose.co.jp/site/nailholic/g/gDLNA483/,https://www.amazon.co.jp/dp/B0845H1J5B,https://item.rakuten.co.jp/rakuten24/4971710497823/,https://lohaco.jp/product/X355610/,,,,
207,ネイルホリック ２４＿７,DLNA484,https://maison.kose.co.jp/site/nailholic/g/gDLNA483/,https://www.amazon.co.jp/dp/B0845HCW33,https://item.rakuten.co.jp/rakuten24/4971710497830/,https://lohaco.jp/product/X355584/,,,,
208,ネイルホリック ２４＿７,DLNA680,https://maison.kose.co.jp/site/nailholic/g/gDLNA483/,https://www.amazon.co.jp/dp/B07T67LG32,https://item.rakuten.co.jp/rakuten24/4971710494143/,https://lohaco.jp/product/P745042/,,,,
209,ネイルホリック ２４＿７,DLNA681,https://maison.kose.co.jp/site/nailholic/g/gDLNA483/,https://www.amazon.co.jp/dp/B0845H1BTK,https://item.rakuten.co.jp/rakuten24/4971710497908/,https://lohaco.jp/product/X355597/,,,,
210,ネイルホリック ２４＿７,DLNA880,https://maison.kose.co.jp/site/nailholic/g/gDLNA483/,https://www.amazon.co.jp/dp/B07T3ZXL1B,https://item.rakuten.co.jp/rakuten24/4971710494105/,https://lohaco.jp/product/P745038/,,,,
211,ネイルホリック ２４＿７,DLNA881,https://maison.kose.co.jp/site/nailholic/g/gDLNA483/,https://www.amazon.co.jp/dp/B07T67LG31,https://item.rakuten.co.jp/rakuten24/4971710494112/,https://lohaco.jp/product/P745034/,,,,
212,ネイルホリック ２４＿７,DLNA882,https://maison.kose.co.jp/site/nailholic/g/gDLNA483/,https://www.amazon.co.jp/dp/B07T2Y984S,https://item.rakuten.co.jp/rakuten24/4971710494129/,https://lohaco.jp/product/P745046/,,,,
213,ネイルホリック ２４＿７,DLNA883,https://maison.kose.co.jp/site/nailholic/g/gDLNA483/,https://www.amazon.co.jp/dp/B0845H3LZW,https://item.rakuten.co.jp/rakuten24/4971710497861/,https://lohaco.jp/product/X355604/,,,,
214,ネイルホリック ２４＿７,DLNA884,https://maison.kose.co.jp/site/nailholic/g/gDLNA483/,https://www.amazon.co.jp/dp/B0845HJ496,https://item.rakuten.co.jp/rakuten24/4971710497878/,https://lohaco.jp/product/X355603/,,,,
215,ネイルホリック ２４＿７,DLNA885,https://maison.kose.co.jp/site/nailholic/g/gDLNA483/,https://www.amazon.co.jp/dp/B0845HCW37,https://item.rakuten.co.jp/rakuten24/4971710497885/,https://lohaco.jp/product/X355600/,,,,
216,ネイルホリック ２４＿７,DLNA886,https://maison.kose.co.jp/site/nailholic/g/gDLNA483/,https://www.amazon.co.jp/dp/B0845H9BZ1,https://item.rakuten.co.jp/rakuten24/4971710497892/,https://lohaco.jp/product/X355596/,,,,
217,ネイルホリック ２４＿７,DLNB891,https://maison.kose.co.jp/site/nailholic/g/gDLNA483/,未定（20年7月上旬UP）,掲載無し,未定（20年7月上旬UP）,,,,
218,ネイルホリック ２４＿７,DLNB890,https://maison.kose.co.jp/site/nailholic/g/gDLNA483/,未定（20年7月上旬UP）,掲載無し,未定（20年7月上旬UP）,,,,
219,ネイルホリック ２４＿７,DLNB390,https://maison.kose.co.jp/site/nailholic/g/gDLNA483/,未定（20年7月上旬UP）,掲載無し,未定（20年7月上旬UP）,,,,
220,ネイルホリック ２４＿７,DLNB091,https://maison.kose.co.jp/site/nailholic/g/gDLNA483/,未定（20年7月上旬UP）,掲載無し,未定（20年7月上旬UP）,,,,
221,ネイルホリック ２４＿７,DLNB090,https://maison.kose.co.jp/site/nailholic/g/gDLNA483/,未定（20年7月上旬UP）,掲載無し,未定（20年7月上旬UP）,,,,
222,ネイルホリック ２４＿７,DLNB790,https://maison.kose.co.jp/site/nailholic/g/gDLNA483/,未定（20年7月上旬UP）,掲載無し,未定（20年7月上旬UP）,,,,
223,ネイルホリック,DLNF940,,未定（20年7月上旬UP）,掲載無し,未定（20年7月上旬UP）,,,,
224,ネイルホリック,DLNF740,,未定（20年7月上旬UP）,掲載無し,未定（20年7月上旬UP）,,,,
225,ネイルホリック,DLNF140,,未定（20年7月上旬UP）,掲載無し,未定（20年7月上旬UP）,,,,
226,ネイルホリック,DLNF640,,未定（20年7月上旬UP）,掲載無し,未定（20年7月上旬UP）,,,,
227,ネイルホリック,DLNF842,,未定（20年7月上旬UP）,掲載無し,未定（20年7月上旬UP）,,,,
228,ネイルホリック,DLNF340,,未定（20年7月上旬UP）,掲載無し,未定（20年7月上旬UP）,,,,
229,ネイルホリック,DLNF046,,未定（20年7月上旬UP）,掲載無し,未定（20年7月上旬UP）,,,,
230,ネイルホリック,DLNF841,,未定（20年7月上旬UP）,掲載無し,未定（20年7月上旬UP）,,,,
231,ネイルホリック,DLNF840,,未定（20年7月上旬UP）,掲載無し,未定（20年7月上旬UP）,,,,
232,ネイルホリック,DLNF045,,未定（20年7月上旬UP）,掲載無し,未定（20年7月上旬UP）,,,,
233,ネイルホリック,DLNJ330,,未定（20年7月上旬UP）,掲載無し,未定（20年7月上旬UP）,,,,
234,ネイルホリック,DLNJ331,,未定（20年7月上旬UP）,掲載無し,未定（20年7月上旬UP）,,,,
235,ネイルホリック,DLNJ332,,未定（20年7月上旬UP）,掲載無し,未定（20年7月上旬UP）,,,,
236,ネイルホリック,DLNJ730,,未定（20年7月上旬UP）,掲載無し,未定（20年7月上旬UP）,,,,
237,ネイルホリック,DLNJ033,,未定（20年7月上旬UP）,掲載無し,未定（20年7月上旬UP）,,,,
238,ネイルホリック,DLNJ032,,未定（20年7月上旬UP）,掲載無し,未定（20年7月上旬UP）,,,,
