No,商品名,サブ,色番,爪サンプル,質感,塗った回数,発注コード,商品符号,"チップ
画像","商品
画像",税抜価格,発売年月,ＪＡＮコード,MaisonKOSE,Amazon,楽天,ロハコ,＠コスメ,流通EC,,,,,,,,,,,,,,,
1,ネイルホリック,Classic,WT005,,,2,44513,DLMI005,,●,¥300,2015/02,4971710445138,https://maison.kose.co.jp/site/nailholic/g/gDLMI005/,,,,,,,,,,,,,,,,,,,,
2,ネイルホリック,Nude,WT006,,,2,44514,DLMI006,,●,¥300,2015/02,4971710445145,https://maison.kose.co.jp/site/nailholic/g/gDLMI006/,,,,,,,,,,,,,,,,,,,,
3,ネイルホリック,Classic,GY007,,,2,44528,DLMI007,,●,¥300,2015/02,4971710445282,https://maison.kose.co.jp/site/nailholic/g/gDLMI005/,,,,,,,,,,,,,,,,,,,,
4,ネイルホリック,Mode,GY008,,,2,44532,DLMI008,,●,¥300,2015/02,4971710445329,https://maison.kose.co.jp/site/nailholic/g/gDLMI305/,,,,,,,,,,,,,,,,,,,,
5,ネイルホリック,Mode,GY009,,,2,44533,DLMI009,,●,¥300,2015/02,4971710445336,https://maison.kose.co.jp/site/nailholic/g/gDLMI305/,,,,,,,,,,,,,,,,,,,,
6,ネイルホリック,Mode,BK010,,,2,44534,DLMI010,,●,¥300,2015/02,4971710445343,https://maison.kose.co.jp/site/nailholic/g/gDLMI305/,,,,,,,,,,,,,,,,,,,,
7,ネイルホリック,,SP011,,マット,2,44542,DLMI011,,●,¥300,2015/02,4971710445428,https://maison.kose.co.jp/site/nailholic/g/gDLMI011/,,,,,,,,,,,,,,,,,,,,
8,ネイルホリック,,SP012,,ぷっくりクリア,2,44543,DLMI012,,●,¥300,2015/02,4971710445435,https://maison.kose.co.jp/site/nailholic/g/gDLMI011/,,,,,,,,,,,,,,,,,,,,
9,ネイルホリック,Chic,WT013,,,2,47525,DLMI013,,●,¥300,2017/08,4971710475258,https://maison.kose.co.jp/site/nailholic/g/gDLMI914/,,,,,,,,,,,,,,,,,,,,
10,ネイルホリック,Chic,GY014,,,2,47526,DLMI014,,●,¥300,2017/08,4971710475265,https://maison.kose.co.jp/site/nailholic/g/gDLMI914/,,,,,,,,,,,,,,,,,,,,
11,ネイルホリック,Chic,WT015,,,2,47527,DLMI015,,●,¥300,2017/08,4971710475272,https://maison.kose.co.jp/site/nailholic/g/gDLMI914/,,,,,,,,,,,,,,,,,,,,
12,ネイルホリック,"Dusty
Pastel",GY016,,,2,47533,DLMI016,,●,¥300,2017/08,4971710475333,https://maison.kose.co.jp/site/nailholic/g/gDLMI915/,,,,,,,,,,,,,,,,,,,,
13,ネイルホリック,"Dusty
Pastel",GY017,,,2,47535,DLMI017,,●,¥300,2017/08,4971710475357,https://maison.kose.co.jp/site/nailholic/g/gDLMI915/,,,,,,,,,,,,,,,,,,,,
14,ネイルホリック,"Dusty
Pastel",GY018,,,3,47536,DLMI018,,●,¥300,2017/08,4971710475364,https://maison.kose.co.jp/site/nailholic/g/gDLMI915/,,,,,,,,,,,,,,,,,,,,
15,ネイルホリック,"Dusty
Pastel",GY019,,,2,47538,DLMI019,,●,¥300,2017/08,4971710475388,https://maison.kose.co.jp/site/nailholic/g/gDLMI915/,,,,,,,,,,,,,,,,,,,,
16,ネイルホリック,Galactic,GD028,,,2,47944,DLMI028,,●,¥300,2018/02,4971710479447,https://maison.kose.co.jp/site/nailholic/g/gDLMI028/,,,,,,,,,,,,,,,,,,,,
17,ネイルホリック,Galactic,SV029,,,2,47945,DLMI029,,●,¥300,2018/02,4971710479454,https://maison.kose.co.jp/site/nailholic/g/gDLMI028/,,,,,,,,,,,,,,,,,,,,
18,ネイルホリック,Relaxing,GY040,,,2,47544,DLMI040,,●,¥300,2017/08,4971710475449,https://maison.kose.co.jp/site/nailholic/g/gDLMI317/,,,,,,,,,,,,,,,,,,,,
19,ネイルホリック,,SP041,,速乾クリア,2,47553,DLMI041,,●,¥300,2017/08,4971710475531,https://maison.kose.co.jp/site/nailholic/g/gDLMI011/,,,,,,,,,,,,,,,,,,,,
20,ネイルホリック,,SP042,,ラメ,3,47554,DLMI042,,●,¥300,2017/08,4971710475548,https://maison.kose.co.jp/site/nailholic/g/gDLMI011/,,,,,,,,,,,,,,,,,,,,
21,ネイルホリック,,SP043,,スモーキー,2,47555,DLMI043,,●,¥300,2017/08,4971710475555,https://maison.kose.co.jp/site/nailholic/g/gDLMI011/,,,,,,,,,,,,,,,,,,,,
22,ネイルホリック,Relaxing,WT044,,,2,47552,DLMI044,,●,¥300,2017/08,4971710475524,https://maison.kose.co.jp/site/nailholic/g/gDLMI317/,,,,,,,,,,,,,,,,,,,,
23,ネイルホリック,Vivid,PU103,,,2,44504,DLMI103,psd,●,¥300,2015/02,4971710445046,https://maison.kose.co.jp/site/nailholic/g/gDLMI903/,,,,,,,,,,,,,,,,,,,,
24,ネイルホリック,Mode,PU104,,,2,44505,DLMI104,,●,¥300,2015/02,4971710445053,https://maison.kose.co.jp/site/nailholic/g/gDLMI305/,,,,,,,,,,,,,,,,,,,,
25,ネイルホリック,Mode,PU105,,,2,44537,DLMI105,,●,¥300,2015/02,4971710445374,https://maison.kose.co.jp/site/nailholic/g/gDLMI305/,,,,,,,,,,,,,,,,,,,,
26,ネイルホリック,Mode,PU106,,,2,44538,DLMI106,,●,¥300,2015/02,4971710445381,https://maison.kose.co.jp/site/nailholic/g/gDLMI305/,,,,,,,,,,,,,,,,,,,,
27,ネイルホリック,Juicy,PU107,,クリア,2,46644,DLMI107,,●,¥300,2016/08,4971710466447,https://maison.kose.co.jp/site/nailholic/g/gDLMI204/,,,,,,,,,,,,,,,,,,,,
28,ネイルホリック,Juicy,PU108,,クリア,2,46645,DLMI108,,●,¥300,2016/08,4971710466454,https://maison.kose.co.jp/site/nailholic/g/gDLMI204/,,,,,,,,,,,,,,,,,,,,
29,ネイルホリック,"Sheer
Pearl",PU109,,パール,2,47175,DLMI109,,●,¥300,2017/02,4971710471755,https://maison.kose.co.jp/site/nailholic/g/gDLMI818/,,,,,,,,,,,,,,,,,,,,
30,ネイルホリック,Ethnic,PU110,,,2,47518,DLMI110,,●,¥300,2017/08,4971710475180,https://maison.kose.co.jp/site/nailholic/g/gDLMI706/,,,,,,,,,,,,,,,,,,,,
31,ネイルホリック,Chic,PU111,,,3,47524,DLMI111,,●,¥300,2017/08,4971710475241,https://maison.kose.co.jp/site/nailholic/g/gDLMI914/,,,,,,,,,,,,,,,,,,,,
32,ネイルホリック,Chic,PU112,,,2,47529,DLMI112,,●,¥300,2017/08,4971710475296,https://maison.kose.co.jp/site/nailholic/g/gDLMI914/,,,,,,,,,,,,,,,,,,,,
33,ネイルホリック,"Dusty
Pastel",PU113,,,2,47540,DLMI113,,●,¥300,2017/08,4971710475401,https://maison.kose.co.jp/site/nailholic/g/gDLMI915/,,,,,,,,,,,,,,,,,,,,
34,ネイルホリック,"Dusty
Pastel",PU114,,,2,47541,DLMI114,,●,¥300,2017/08,4971710475418,https://maison.kose.co.jp/site/nailholic/g/gDLMI915/,,,,,,,,,,,,,,,,,,,,
35,ネイルホリック,Milky,PU115,,,2,47937,DLMI115,,●,¥300,2018/02,4971710479379,https://maison.kose.co.jp/site/nailholic/g/gDLMI917/,,,,,,,,,,,,,,,,,,,,
36,ネイルホリック,Galactic,PU116,,,2,47941,DLMI116,,●,¥300,2018/02,4971710479416,https://maison.kose.co.jp/site/nailholic/g/gDLMI028/,,,,,,,,,,,,,,,,,,,,
37,ネイルホリック,Vivid,OR200,,,2,44487,DLMI200,,●,¥300,2015/02,4971710444872,https://maison.kose.co.jp/site/nailholic/g/gDLMI903/,,,,,,,,,,,,,,,,,,,,
38,ネイルホリック,Vivid,OR201,,,2,44488,DLMI201,,●,¥300,2015/02,4971710444889,https://maison.kose.co.jp/site/nailholic/g/gDLMI903/,,,,,,,,,,,,,,,,,,,,
39,ネイルホリック,Vivid,OR202,,,2,44489,DLMI202,,●,¥300,2015/02,4971710444896,https://maison.kose.co.jp/site/nailholic/g/gDLMI903/,,,,,,,,,,,,,,,,,,,,
40,ネイルホリック,Juicy,OR204,,クリア,2,46638,DLMI204,,●,¥300,2016/08,4971710466386,https://maison.kose.co.jp/site/nailholic/g/gDLMI204/,,,,,,,,,,,,,,,,,,,,
41,ネイルホリック,Juicy,OR205,,クリア,2,46639,DLMI205,,●,¥300,2016/08,4971710466393,https://maison.kose.co.jp/site/nailholic/g/gDLMI204/,,,,,,,,,,,,,,,,,,,,
42,ネイルホリック,"Sheer
Pearl",OR206,,パール,2,47178,DLMI206,,●,¥300,2017/02,4971710471786,https://maison.kose.co.jp/site/nailholic/g/gDLMI818/,,,,,,,,,,,,,,,,,,,,
43,ネイルホリック,Ethnic,OR207,,,2,47521,DLMI207,,●,¥300,2017/08,4971710475210,https://maison.kose.co.jp/site/nailholic/g/gDLMI706/,,,,,,,,,,,,,,,,,,,,
44,ネイルホリック,Milky,OR208,,,2,47930,DLMI208,,●,¥300,2018/02,4971710479300,https://maison.kose.co.jp/site/nailholic/g/gDLMI917/,,,,,,,,,,,,,,,,,,,,
45,ネイルホリック,Soulful,OR209,,,2,49800,DLMI209,ORICOM様,●,¥300,2020/02,4971710498004,https://maison.kose.co.jp/site/nailholic/g/gDLMI209/,,,,,,,,,,,,,,,,,,,,
46,ネイルホリック,Soulful,OR210,,クリア,2,49801,DLMI210,ORICOM様,●,¥300,2020/02,4971710498011,https://maison.kose.co.jp/site/nailholic/g/gDLMI209/,,,,,,,,,,,,,,,,,,,,
47,ネイルホリック,Nude,BE300,,,2,44515,DLMI300,,●,¥300,2015/02,4971710445152,https://maison.kose.co.jp/site/nailholic/g/gDLMI006/,,,,,,,,,,,,,,,,,,,,
48,ネイルホリック,Nude,BE301,,,2,44516,DLMI301,,●,¥300,2015/02,4971710445169,https://maison.kose.co.jp/site/nailholic/g/gDLMI006/,,,,,,,,,,,,,,,,,,,,
49,ネイルホリック,Nude,BE302,,,2,44517,DLMI302,,●,¥300,2015/02,4971710445176,https://maison.kose.co.jp/site/nailholic/g/gDLMI006/,,,,,,,,,,,,,,,,,,,,
50,ネイルホリック,Nude,BE303,,,2,44527,DLMI303,,●,¥300,2015/02,4971710445275,https://maison.kose.co.jp/site/nailholic/g/gDLMI006/,,,,,,,,,,,,,,,,,,,,
51,ネイルホリック,Classic,BE304,,,2,44529,DLMI304,,●,¥300,2015/02,4971710445299,https://maison.kose.co.jp/site/nailholic/g/gDLMI005/,,,,,,,,,,,,,,,,,,,,
52,ネイルホリック,Mode,BR305,,,2,44530,DLMI305,,●,¥300,2015/02,4971710445305,https://maison.kose.co.jp/site/nailholic/g/gDLMI305/,,,,,,,,,,,,,,,,,,,,
53,ネイルホリック,Earth,BR306,,,2,46648,DLMI306,,●,¥300,2016/08,4971710466485,https://maison.kose.co.jp/site/nailholic/g/gDLMI307/,,,,,,,,,,,,,,,,,,,,
54,ネイルホリック,Earth,BR307,,,2,46649,DLMI307,,●,¥300,2016/08,4971710466492,https://maison.kose.co.jp/site/nailholic/g/gDLMI307/,,,,,,,,,,,,,,,,,,,,
55,ネイルホリック,Earth,BR308,,,2,46650,DLMI308,,●,¥300,2016/08,4971710466508,https://maison.kose.co.jp/site/nailholic/g/gDLMI307/,,,,,,,,,,,,,,,,,,,,
56,ネイルホリック,Earth,BR309,,,2,46651,DLMI309,,●,¥300,2016/08,4971710466515,https://maison.kose.co.jp/site/nailholic/g/gDLMI307/,,,,,,,,,,,,,,,,,,,,
57,ネイルホリック,Pinkish,BE310,,,2,47172,DLMI310,,●,¥300,2017/02,4971710471724,https://maison.kose.co.jp/site/nailholic/g/gDLMI812/,,,,,,,,,,,,,,,,,,,,
58,ネイルホリック,Ethnic,BR311,,,2,47522,DLMI311,,●,¥300,2017/08,4971710475227,https://maison.kose.co.jp/site/nailholic/g/gDLMI706/,,,,,,,,,,,,,,,,,,,,
59,ネイルホリック,Chic,BE312,,,2,47528,DLMI312,,●,¥300,2017/08,4971710475289,https://maison.kose.co.jp/site/nailholic/g/gDLMI914/,,,,,,,,,,,,,,,,,,,,
60,ネイルホリック,Chic,BE313,,,2,47532,DLMI313,,●,¥300,2017/08,4971710475326,https://maison.kose.co.jp/site/nailholic/g/gDLMI914/,,,,,,,,,,,,,,,,,,,,
61,ネイルホリック,"Dusty
Pastel",BE314,,,2,47537,DLMI314,,●,¥300,2017/08,4971710475371,https://maison.kose.co.jp/site/nailholic/g/gDLMI915/,,,,,,,,,,,,,,,,,,,,
62,ネイルホリック,"Dusty
Pastel",BR315,,,2,47539,DLMI315,,●,¥300,2017/08,4971710475395,https://maison.kose.co.jp/site/nailholic/g/gDLMI915/,,,,,,,,,,,,,,,,,,,,
63,ネイルホリック,Relaxing,BE316,,,2,47546,DLMI316,,●,¥300,2017/08,4971710475463,https://maison.kose.co.jp/site/nailholic/g/gDLMI317/,,,,,,,,,,,,,,,,,,,,
64,ネイルホリック,Relaxing,BE317,,,2,47547,DLMI317,,●,¥300,2017/08,4971710475470,https://maison.kose.co.jp/site/nailholic/g/gDLMI317/,,,,,,,,,,,,,,,,,,,,
65,ネイルホリック,Relaxing,BE318,,,2,47548,DLMI318,,●,¥300,2017/08,4971710475487,https://maison.kose.co.jp/site/nailholic/g/gDLMI317/,,,,,,,,,,,,,,,,,,,,
66,ネイルホリック,Relaxing,BR319,,,2,47549,DLMI319,,●,¥300,2017/08,4971710475494,https://maison.kose.co.jp/site/nailholic/g/gDLMI317/,,,,,,,,,,,,,,,,,,,,
67,ネイルホリック,Chic,BE320,,,2,47551,DLMI320,,●,¥300,2017/08,4971710475517,https://maison.kose.co.jp/site/nailholic/g/gDLMI914/,,,,,,,,,,,,,,,,,,,,
68,ネイルホリック,Soulful,BE321,,,2,49804,DLMI321,ORICOM様,●,¥300,2020/02,4971710498042,https://maison.kose.co.jp/site/nailholic/g/gDLMI209/,,,,,,,,,,,,,,,,,,,,
69,ネイルホリック,Mode,RD400,,,2,44486,DLMI400,,●,¥300,2015/02,4971710444865,https://maison.kose.co.jp/site/nailholic/g/gDLMI305/,,,,,,,,,,,,,,,,,,,,
70,ネイルホリック,Mode,RD402,,,2,44535,DLMI402,,●,¥300,2015/02,4971710445350,https://maison.kose.co.jp/site/nailholic/g/gDLMI305/,,,,,,,,,,,,,,,,,,,,
71,ネイルホリック,Mode,RD403,,,2,44536,DLMI403,,●,¥300,2015/02,4971710445367,https://maison.kose.co.jp/site/nailholic/g/gDLMI305/,,,,,,,,,,,,,,,,,,,,
72,ネイルホリック,Juicy,RD404,,クリア,2,46640,DLMI404,,●,¥300,2016/08,4971710466409,https://maison.kose.co.jp/site/nailholic/g/gDLMI204/,,,,,,,,,,,,,,,,,,,,
73,ネイルホリック,Juicy,RD405,,クリア,2,46641,DLMI405,,●,¥300,2016/08,4971710466416,https://maison.kose.co.jp/site/nailholic/g/gDLMI204/,,,,,,,,,,,,,,,,,,,,
74,ネイルホリック,Luxury,RD406,,パール,2,47185,DLMI406,,●,¥300,2017/02,4971710471854,https://maison.kose.co.jp/site/nailholic/g/gDLMI910/,,,,,,,,,,,,,,,,,,,,
75,ネイルホリック,Ethnic,RD407,,,2,47519,DLMI407,,●,¥300,2017/08,4971710475197,https://maison.kose.co.jp/site/nailholic/g/gDLMI706/,,,,,,,,,,,,,,,,,,,,
76,ネイルホリック,Ethnic,RD408,,,2,47520,DLMI408,,●,¥300,2017/08,4971710475203,https://maison.kose.co.jp/site/nailholic/g/gDLMI706/,,,,,,,,,,,,,,,,,,,,
77,ネイルホリック,Galactic,RD409,,,2,47942,DLMI409,,●,¥300,2018/02,4971710479423,https://maison.kose.co.jp/site/nailholic/g/gDLMI028/,,,,,,,,,,,,,,,,,,,,
78,ネイルホリック,Soulful,RD410,,,2,49797,DLMI410,ORICOM様,●,¥300,2020/02,4971710497977,https://maison.kose.co.jp/site/nailholic/g/gDLMI209/,,,,,,,,,,,,,,,,,,,,
79,ネイルホリック,Soulful,RD411,,,2,49798,DLMI411,ORICOM様,●,¥300,2020/02,4971710497984,https://maison.kose.co.jp/site/nailholic/g/gDLMI209/,,,,,,,,,,,,,,,,,,,,
80,ネイルホリック,Soulful,RD412,,,2,49799,DLMI412,ORICOM様,●,¥300,2020/02,4971710497991,https://maison.kose.co.jp/site/nailholic/g/gDLMI209/,,,,,,,,,,,,,,,,,,,,
81,ネイルホリック,Soulful,RD413,,,2,49802,DLMI413,ORICOM様,●,¥300,2020/02,4971710498028,https://maison.kose.co.jp/site/nailholic/g/gDLMI209/,,,,,,,,,,,,,,,,,,,,
82,ネイルホリック,Soulful,RD414,,,2,49803,DLMI414,ORICOM様,●,¥300,2020/02,4971710498035,https://maison.kose.co.jp/site/nailholic/g/gDLMI209/,,,,,,,,,,,,,,,,,,,,
83,ネイルホリック,Vivid,YE502,,,2,44493,DLMI502,psd,●,¥300,2015/02,4971710444933,https://maison.kose.co.jp/site/nailholic/g/gDLMI903/,,,,,,,,,,,,,,,,,,,,
84,ネイルホリック,Juicy,YE503,,クリア,2,46637,DLMI503,,●,¥300,2016/08,4971710466379,https://maison.kose.co.jp/site/nailholic/g/gDLMI204/,,,,,,,,,,,,,,,,,,,,
85,ネイルホリック,"Sheer
Pearl",YE504,,パール,2,47177,DLMI504,,●,¥300,2017/02,4971710471779,https://maison.kose.co.jp/site/nailholic/g/gDLMI818/,,,,,,,,,,,,,,,,,,,,
86,ネイルホリック,Luxury,YE505,,パール,2,47180,DLMI505,,●,¥300,2017/02,4971710471809,https://maison.kose.co.jp/site/nailholic/g/gDLMI910/,,,,,,,,,,,,,,,,,,,,
87,ネイルホリック,Relaxing,YE506,,,,47545,DLMI506,,●,¥300,2017/08,4971710475456,https://maison.kose.co.jp/site/nailholic/g/gDLMI317/,,,,,,,,,,,,,,,,,,,,
88,ネイルホリック,Ethnic,YE507,,,,47550,DLMI507,,●,¥300,2017/08,4971710475500,https://maison.kose.co.jp/site/nailholic/g/gDLMI706/,,,,,,,,,,,,,,,,,,,,
89,ネイルホリック,Milky,YE508,,,,47931,DLMI508,,●,¥300,2018/02,4971710479317,https://maison.kose.co.jp/site/nailholic/g/gDLMI917/,,,,,,,,,,,,,,,,,,,,
90,ネイルホリック,Vivid,RO600,,,2,44497,DLMI600,,●,¥300,2015/02,4971710444971,https://maison.kose.co.jp/site/nailholic/g/gDLMI903/,,,,,,,,,,,,,,,,,,,,
91,ネイルホリック,Vivid,RO601,,,2,44506,DLMI601,psd,●,¥300,2015/02,4971710445060,https://maison.kose.co.jp/site/nailholic/g/gDLMI903/,,,,,,,,,,,,,,,,,,,,
92,ネイルホリック,Classic,RO602,,,2,44518,DLMI602,,●,¥300,2015/02,4971710445183,https://maison.kose.co.jp/site/nailholic/g/gDLMI005/,,,,,,,,,,,,,,,,,,,,
93,ネイルホリック,Classic,RO603,,,2,44519,DLMI603,,●,¥300,2015/02,4971710445190,https://maison.kose.co.jp/site/nailholic/g/gDLMI005/,,,,,,,,,,,,,,,,,,,,
94,ネイルホリック,Juicy,RO604,,クリア,2,46646,DLMI604,,●,¥300,2016/08,4971710466461,https://maison.kose.co.jp/site/nailholic/g/gDLMI204/,,,,,,,,,,,,,,,,,,,,
95,ネイルホリック,Luxury,RO605,,パール,2,47184,DLMI605,,●,¥300,2017/02,4971710471847,https://maison.kose.co.jp/site/nailholic/g/gDLMI910/,,,,,,,,,,,,,,,,,,,,
96,ネイルホリック,Ethnic,RO606,,,2,47517,DLMI606,,●,¥300,2017/08,4971710475173,https://maison.kose.co.jp/site/nailholic/g/gDLMI706/,,,,,,,,,,,,,,,,,,,,
97,ネイルホリック,Juicy,GR702,,,2,46642,DLMI702,,●,¥300,2016/08,4971710466423,https://maison.kose.co.jp/site/nailholic/g/gDLMI204/,,,,,,,,,,,,,,,,,,,,
98,ネイルホリック,Earth,GR703,,,2,46652,DLMI703,,●,¥300,2016/08,4971710466522,https://maison.kose.co.jp/site/nailholic/g/gDLMI307/,,,,,,,,,,,,,,,,,,,,
99,ネイルホリック,Earth,GR704,,,2,46653,DLMI704,,●,¥300,2016/08,4971710466539,https://maison.kose.co.jp/site/nailholic/g/gDLMI307/,,,,,,,,,,,,,,,,,,,,
100,ネイルホリック,Luxury,GR705,,パール,2,47181,DLMI705,,●,¥300,2017/02,4971710471816,https://maison.kose.co.jp/site/nailholic/g/gDLMI910/,,,,,,,,,,,,,,,,,,,,
101,ネイルホリック,Ethnic,GR706,,,2,47513,DLMI706,,●,¥300,2017/08,4971710475135,https://maison.kose.co.jp/site/nailholic/g/gDLMI706/,,,,,,,,,,,,,,,,,,,,
102,ネイルホリック,Ethnic,GR707,,,2,47514,DLMI707,,●,¥300,2017/08,4971710475142,https://maison.kose.co.jp/site/nailholic/g/gDLMI706/,,,,,,,,,,,,,,,,,,,,
103,ネイルホリック,Relaxing,GR708,,,2,47543,DLMI708,,●,¥300,2017/08,4971710475432,https://maison.kose.co.jp/site/nailholic/g/gDLMI317/,,,,,,,,,,,,,,,,,,,,
104,ネイルホリック,Milky,GR709,,,2,47932,DLMI709,,●,¥300,2018/02,4971710479324,https://maison.kose.co.jp/site/nailholic/g/gDLMI917/,,,,,,,,,,,,,,,,,,,,
105,ネイルホリック,Milky,GR710,,,2,47935,DLMI710,,●,¥300,2018/02,4971710479355,https://maison.kose.co.jp/site/nailholic/g/gDLMI917/,,,,,,,,,,,,,,,,,,,,
106,ネイルホリック,Milky,GR711,,,2,47939,DLMI711,,●,¥300,2018/02,4971710479393,https://maison.kose.co.jp/site/nailholic/g/gDLMI917/,,,,,,,,,,,,,,,,,,,,
107,ネイルホリック,Galactic,GR712,,,2,47943,DLMI712,,●,¥300,2018/02,4971710479430,https://maison.kose.co.jp/site/nailholic/g/gDLMI028/,,,,,,,,,,,,,,,,,,,,
108,ネイルホリック,Lagoon ,GR713,,,2,49805,DLMI713,ORICOM様,●,¥300,2020/02,4971710498059,https://maison.kose.co.jp/site/nailholic/g/gDLMI713/,,,,,,,,,,,,,,,,,,,,
109,ネイルホリック,Lagoon ,GR714,,,2,49806,DLMI714,ORICOM様,●,¥300,2020/02,4971710498066,https://maison.kose.co.jp/site/nailholic/g/gDLMI713/,,,,,,,,,,,,,,,,,,,,
110,ネイルホリック,Lagoon ,GR715,,,2,49807,DLMI715,ORICOM様,●,¥300,2020/02,4971710498073,https://maison.kose.co.jp/site/nailholic/g/gDLMI713/,,,,,,,,,,,,,,,,,,,,
111,ネイルホリック,Lagoon ,GR716,,,2,49808,DLMI716,ORICOM様,●,¥300,2020/02,4971710498080,https://maison.kose.co.jp/site/nailholic/g/gDLMI713/,,,,,,,,,,,,,,,,,,,,
112,ネイルホリック,Vivid,PK800,,,2,44523,DLMI800,,●,¥300,2015/02,4971710445237,https://maison.kose.co.jp/site/nailholic/g/gDLMI903/,,,,,,,,,,,,,,,,,,,,
113,ネイルホリック,Vivid,PK801,,,2,44531,DLMI801,,●,¥300,2015/02,4971710445312,https://maison.kose.co.jp/site/nailholic/g/gDLMI903/,,,,,,,,,,,,,,,,,,,,
114,ネイルホリック,Classic,PK804,,,2,44520,DLMI804,,●,¥300,2015/02,4971710445206,https://maison.kose.co.jp/site/nailholic/g/gDLMI005/,,,,,,,,,,,,,,,,,,,,
115,ネイルホリック,Classic,BE805,,,2,44521,DLMI805,,●,¥300,2015/02,4971710445213,https://maison.kose.co.jp/site/nailholic/g/gDLMI005/,,,,,,,,,,,,,,,,,,,,
116,ネイルホリック,Classic,BE806,,,2,44522,DLMI806,,●,¥300,2015/02,4971710445220,https://maison.kose.co.jp/site/nailholic/g/gDLMI005/,,,,,,,,,,,,,,,,,,,,
117,ネイルホリック,Classic,BE807,,,2,44524,DLMI807,,●,¥300,2015/02,4971710445244,https://maison.kose.co.jp/site/nailholic/g/gDLMI005/,,,,,,,,,,,,,,,,,,,,
118,ネイルホリック,Classic,PK808,,,2,44525,DLMI808,,●,¥300,2015/02,4971710445251,https://maison.kose.co.jp/site/nailholic/g/gDLMI005/,,,,,,,,,,,,,,,,,,,,
119,ネイルホリック,Classic,PK809,,,2,44526,DLMI809,psd,●,¥300,2015/02,4971710445268,https://maison.kose.co.jp/site/nailholic/g/gDLMI005/,,,,,,,,,,,,,,,,,,,,
120,ネイルホリック,Juicy,PK810,,クリア,2,46647,DLMI810,,●,¥300,2016/08,4971710466478,https://maison.kose.co.jp/site/nailholic/g/gDLMI204/,,,,,,,,,,,,,,,,,,,,
121,ネイルホリック,Pinkish,PK811,,,3,47167,DLMI811,,●,¥300,2017/02,4971710471670,https://maison.kose.co.jp/site/nailholic/g/gDLMI812/,,,,,,,,,,,,,,,,,,,,
122,ネイルホリック,Pinkish,PK812,,,2,47168,DLMI812,,●,¥300,2017/02,4971710471687,https://maison.kose.co.jp/site/nailholic/g/gDLMI812/,,,,,,,,,,,,,,,,,,,,
123,ネイルホリック,Pinkish,PK813,,クリア,2,47169,DLMI813,,●,¥300,2017/02,4971710471694,https://maison.kose.co.jp/site/nailholic/g/gDLMI812/,,,,,,,,,,,,,,,,,,,,
124,ネイルホリック,Pinkish,PK814,,,3,47170,DLMI814,,●,¥300,2017/02,4971710471700,https://maison.kose.co.jp/site/nailholic/g/gDLMI812/,,,,,,,,,,,,,,,,,,,,
125,ネイルホリック,Pinkish,BE815,,,2,47171,DLMI815,,●,¥300,2017/02,4971710471717,https://maison.kose.co.jp/site/nailholic/g/gDLMI812/,,,,,,,,,,,,,,,,,,,,
126,ネイルホリック,Pinkish,BE816,,,2,47173,DLMI816,,●,¥300,2017/02,4971710471731,https://maison.kose.co.jp/site/nailholic/g/gDLMI812/,,,,,,,,,,,,,,,,,,,,
127,ネイルホリック,"Sheer
Pearl",PK817,,パール,2,47174,DLMI817,,●,¥300,2017/02,4971710471748,https://maison.kose.co.jp/site/nailholic/g/gDLMI818/,,,,,,,,,,,,,,,,,,,,
128,ネイルホリック,"Sheer
Pearl",PK818,,パール,2,47179,DLMI818,,●,¥300,2017/02,4971710471793,https://maison.kose.co.jp/site/nailholic/g/gDLMI818/,,,,,,,,,,,,,,,,,,,,
129,ネイルホリック,Ethnic,PK819,,,2,47516,DLMI819,,●,¥300,2017/08,4971710475166,https://maison.kose.co.jp/site/nailholic/g/gDLMI706/,,,,,,,,,,,,,,,,,,,,
130,ネイルホリック,Chic,BE820,,,2,47530,DLMI820,,●,¥300,2017/08,4971710475302,https://maison.kose.co.jp/site/nailholic/g/gDLMI914/,,,,,,,,,,,,,,,,,,,,
131,ネイルホリック,Chic,PK821,,,3,47531,DLMI821,,●,¥300,2017/08,4971710475319,https://maison.kose.co.jp/site/nailholic/g/gDLMI914/,,,,,,,,,,,,,,,,,,,,
132,ネイルホリック,Milky,PK822,,,3,47928,DLMI822,,●,¥300,2018/02,4971710479287,https://maison.kose.co.jp/site/nailholic/g/gDLMI917/,,,,,,,,,,,,,,,,,,,,
133,ネイルホリック,Milky,PK823,,,2,47929,DLMI823,,●,¥300,2018/02,4971710479294,https://maison.kose.co.jp/site/nailholic/g/gDLMI917/,,,,,,,,,,,,,,,,,,,,
134,ネイルホリック,Milky,PK824,,,2,47934,DLMI824,,●,¥300,2018/02,4971710479348,https://maison.kose.co.jp/site/nailholic/g/gDLMI917/,,,,,,,,,,,,,,,,,,,,
135,ネイルホリック,Milky,PK825,,,2,47938,DLMI825,,●,¥300,2018/02,4971710479386,https://maison.kose.co.jp/site/nailholic/g/gDLMI917/,,,,,,,,,,,,,,,,,,,,
136,ネイルホリック,Soulful,PK827,,,2,49795,DLMI827,ORICOM様,●,¥300,2020/02,4971710497953,https://maison.kose.co.jp/site/nailholic/g/gDLMI209/,,,,,,,,,,,,,,,,,,,,
137,ネイルホリック,Soulful,PK828,,,2,49796,DLMI828,ORICOM様,●,¥300,2020/02,4971710497960,https://maison.kose.co.jp/site/nailholic/g/gDLMI209/,,,,,,,,,,,,,,,,,,,,
138,ネイルホリック,Vivid,BL903,,,2,44500,DLMI903,,●,¥300,2015/02,4971710445008,https://maison.kose.co.jp/site/nailholic/g/gDLMI903/,,,,,,,,,,,,,,,,,,,,
139,ネイルホリック,Mode,BL905,,,2,44539,DLMI905,,●,¥300,2015/02,4971710445398,https://maison.kose.co.jp/site/nailholic/g/gDLMI305/,,,,,,,,,,,,,,,,,,,,
140,ネイルホリック,Mode,BL906,,,2,44540,DLMI906,,●,¥300,2015/02,4971710445404,https://maison.kose.co.jp/site/nailholic/g/gDLMI305/,,,,,,,,,,,,,,,,,,,,
141,ネイルホリック,Juicy,BL907,,,2,46643,DLMI907,,●,¥300,2016/08,4971710466430,https://maison.kose.co.jp/site/nailholic/g/gDLMI204/,,,,,,,,,,,,,,,,,,,,
142,ネイルホリック,Vivid,BL908,,,2,46654,DLMI908,,●,¥300,2016/08,4971710466546,https://maison.kose.co.jp/site/nailholic/g/gDLMI903/,,,,,,,,,,,,,,,,,,,,
143,ネイルホリック,"Sheer
Pearl",BL909,,パール,2,47176,DLMI909,,●,¥300,2017/02,4971710471762,https://maison.kose.co.jp/site/nailholic/g/gDLMI818/,,,,,,,,,,,,,,,,,,,,
144,ネイルホリック,Luxury,BL910,,パール,2,47182,DLMI910,psd,●,¥300,2017/02,4971710471823,https://maison.kose.co.jp/site/nailholic/g/gDLMI910/,,,,,,,,,,,,,,,,,,,,
145,ネイルホリック,Luxury,BL911,,パール,2,47183,DLMI911,,●,¥300,2017/02,4971710471830,https://maison.kose.co.jp/site/nailholic/g/gDLMI910/,,,,,,,,,,,,,,,,,,,,
146,ネイルホリック,Ethnic,BL912,,,2,47512,DLMI912,,●,¥300,2017/08,4971710475128,https://maison.kose.co.jp/site/nailholic/g/gDLMI706/,,,,,,,,,,,,,,,,,,,,
147,ネイルホリック,Ethnic,BL913,,,2,47515,DLMI913,,●,¥300,2017/08,4971710475159,https://maison.kose.co.jp/site/nailholic/g/gDLMI706/,,,,,,,,,,,,,,,,,,,,
148,ネイルホリック,Chic,BL914,,,2,47523,DLMI914,,●,¥300,2017/08,4971710475234,https://maison.kose.co.jp/site/nailholic/g/gDLMI914/,,,,,,,,,,,,,,,,,,,,
149,ネイルホリック,"Dusty
Pastel",BL915,,,2,47534,DLMI915,,●,¥300,2017/08,4971710475340,https://maison.kose.co.jp/site/nailholic/g/gDLMI915/,,,,,,,,,,,,,,,,,,,,
150,ネイルホリック,Relaxing,BL916,,,2,47542,DLMI916,,●,¥300,2017/08,4971710475425,https://maison.kose.co.jp/site/nailholic/g/gDLMI317/,,,,,,,,,,,,,,,,,,,,
151,ネイルホリック,Milky,BL917,,,2,47933,DLMI917,,●,¥300,2018/02,4971710479331,https://maison.kose.co.jp/site/nailholic/g/gDLMI917/,,,,,,,,,,,,,,,,,,,,
152,ネイルホリック,Milky,BL918,,,2,47936,DLMI918,,●,¥300,2018/02,4971710479362,https://maison.kose.co.jp/site/nailholic/g/gDLMI917/,,,,,,,,,,,,,,,,,,,,
153,ネイルホリック,Galactic,BL919,,,2,47940,DLMI919,,●,¥300,2018/02,4971710479409,https://maison.kose.co.jp/site/nailholic/g/gDLMI028/,,,,,,,,,,,,,,,,,,,,
154,ネイルホリック,Lagoon ,BL920,,,2,49809,DLMI920,ORICOM様,●,¥300,2020/02,4971710498097,https://maison.kose.co.jp/site/nailholic/g/gDLMI713/,,,,,,,,,,,,,,,,,,,,
155,ネイルホリック,Lagoon ,BL921,,,2,49810,DLMI921,ORICOM様,●,¥300,2020/02,4971710498103,https://maison.kose.co.jp/site/nailholic/g/gDLMI713/,,,,,,,,,,,,,,,,,,,,
156,ネイルホリック,Lagoon ,BL922,,,2,49811,DLMI922,ORICOM様,●,¥300,2020/02,4971710498110,https://maison.kose.co.jp/site/nailholic/g/gDLMI713/,,,,,,,,,,,,,,,,,,,,
157,ネイルホリック アート,,WT080,,,2,44479,DLMA080,,●,¥360,2015/02,4971710444797,https://maison.kose.co.jp/site/nailholic/g/gDLMA083/,,,,,,,,,,,,,,,,,,,,
158,ネイルホリック アート,,BK081,,,2,44480,DLMA081,,●,¥360,2015/02,4971710444803,https://maison.kose.co.jp/site/nailholic/g/gDLMA083/,,,,,,,,,,,,,,,,,,,,
159,ネイルホリック アート,,SV082,,ラメ,2,44481,DLMA082,psd,●,¥360,2015/02,4971710444810,https://maison.kose.co.jp/site/nailholic/g/gDLMA083/,,,,,,,,,,,,,,,,,,,,
160,ネイルホリック アート,,GD083,,ラメ,2,44482,DLMA083,,●,¥360,2015/02,4971710444827,https://maison.kose.co.jp/site/nailholic/g/gDLMA083/,,,,,,,,,,,,,,,,,,,,
161,ネイルホリック フローズンシュガー,,WT060,,ラメ,2,44473,DLMQ060,psd,●,¥360,2015/02,4971710444735,https://maison.kose.co.jp/site/nailholic/g/gDLMQ260/,,,,,,,,,,,,,,,,,,,,
162,ネイルホリック フローズンシュガー,,OR260,,ラメ,2,47947,DLMQ260,,●,¥360,2018/02,4971710479478,https://maison.kose.co.jp/site/nailholic/g/gDLMQ260/,,,,,,,,,,,,,,,,,,,,
163,ネイルホリック フローズンシュガー,,YE561,,ラメ,,47950,DLMQ561,,●,¥360,2018/02,4971710479508,https://maison.kose.co.jp/site/nailholic/g/gDLMQ260/,,,,,,,,,,,,,,,,,,,,
164,ネイルホリック フローズンシュガー,,GR760,,ラメ,2,47949,DLMQ760,,●,¥360,2018/02,4971710479492,https://maison.kose.co.jp/site/nailholic/g/gDLMQ260/,,,,,,,,,,,,,,,,,,,,
165,ネイルホリック フローズンシュガー,,PK860,,ラメ,2,44476,DLMQ860,,●,¥360,2015/02,4971710444766,https://maison.kose.co.jp/site/nailholic/g/gDLMQ260/,,,,,,,,,,,,,,,,,,,,
166,ネイルホリック フローズンシュガー,,BL961,,ラメ,2,47946,DLMQ961,,●,¥360,2018/02,4971710479461,https://maison.kose.co.jp/site/nailholic/g/gDLMQ260/,,,,,,,,,,,,,,,,,,,,
167,ネイルホリック ファーモード,,GY070,,"マット
ファー",2,46658,DLMT070,,●,¥360,2016/08,4971710466584,https://maison.kose.co.jp/site/nailholic/g/gDLMT370/,,,,,,,,,,,,,,,,,,,,
168,ネイルホリック ファーモード,,WT071,,"マット
ファー",2,46663,DLMT071,,●,¥360,2016/08,4971710466638,https://maison.kose.co.jp/site/nailholic/g/gDLMT370/,,,,,,,,,,,,,,,,,,,,
169,ネイルホリック ファーモード,,BR370,,"マット
ファー",2,46659,DLMT370,,●,¥360,2016/08,4971710466591,https://maison.kose.co.jp/site/nailholic/g/gDLMT370/,,,,,,,,,,,,,,,,,,,,
170,ネイルホリック ファーモード,,BR371,,"マット
ファー",2,46660,DLMT371,,●,¥360,2016/08,4971710466607,https://maison.kose.co.jp/site/nailholic/g/gDLMT370/,,,,,,,,,,,,,,,,,,,,
171,ネイルホリック ファーモード,,BE372,,"マット
ファー",2,46661,DLMT372,,●,¥360,2016/08,4971710466614,https://maison.kose.co.jp/site/nailholic/g/gDLMT370/,,,,,,,,,,,,,,,,,,,,
172,ネイルホリック ファーモード,,BE373,,"マット
ファー",2,46662,DLMT373,,●,¥360,2016/08,4971710466621,https://maison.kose.co.jp/site/nailholic/g/gDLMT370/,,,,,,,,,,,,,,,,,,,,
173,ネイルホリック パーティーフレーク,,SP020,,ラメ,2,47127,DLMJ020,,●,¥360,2017/02,4971710471274,https://maison.kose.co.jp/site/nailholic/g/gDLMJ020/,,,,,,,,,,,,,,,,,,,,
174,ネイルホリック パーティーフレーク,,SP021,,ラメ,2,47158,DLMJ021,,●,¥360,2017/02,4971710471588,https://maison.kose.co.jp/site/nailholic/g/gDLMJ020/,,,,,,,,,,,,,,,,,,,,
175,ネイルホリック パーティーフレーク,,SP022,,ラメ,2,47159,DLMJ022,,●,¥360,2017/02,4971710471595,https://maison.kose.co.jp/site/nailholic/g/gDLMJ020/,,,,,,,,,,,,,,,,,,,,
176,ネイルホリック パーティーフレーク,,SP023,,ラメ,2,47160,DLMJ023,,●,¥360,2017/02,4971710471601,https://maison.kose.co.jp/site/nailholic/g/gDLMJ020/,,,,,,,,,,,,,,,,,,,,
177,ネイルホリック パーティーフレーク,,SP024,,ラメ,2,47163,DLMJ024,,●,¥360,2017/02,4971710471632,https://maison.kose.co.jp/site/nailholic/g/gDLMJ020/,,,,,,,,,,,,,,,,,,,,
178,ネイルホリック パーティーフレーク,,SP025,,ラメ,2,47164,DLMJ025,,●,¥360,2017/02,4971710471649,https://maison.kose.co.jp/site/nailholic/g/gDLMJ020/,,,,,,,,,,,,,,,,,,,,
179,ネイルホリック パーティーフレーク,,SV026,,ラメ,2,47165,DLMJ026,,●,¥360,2017/02,4971710471656,https://maison.kose.co.jp/site/nailholic/g/gDLMJ020/,,,,,,,,,,,,,,,,,,,,
180,ネイルホリック パーティーフレーク,,GD027,,ラメ,2,47166,DLMJ027,,●,¥360,2017/02,4971710471663,https://maison.kose.co.jp/site/nailholic/g/gDLMJ020/,,,,,,,,,,,,,,,,,,,,
181,ネイルホリック パステルスノー,,GY050,,ラメ,2,47121,DLMK050,,●,¥360,2017/02,4971710471212,https://maison.kose.co.jp/site/nailholic/g/gDLMK050/,,,,,,,,,,,,,,,,,,,,
182,ネイルホリック パステルスノー,,WT051,,ラメ,2,47126,DLMK051,,●,¥360,2017/02,4971710471267,https://maison.kose.co.jp/site/nailholic/g/gDLMK050/,,,,,,,,,,,,,,,,,,,,
183,ネイルホリック パステルスノー,,PU150,,ラメ,2,47119,DLMK150,,●,¥360,2017/02,4971710471199,https://maison.kose.co.jp/site/nailholic/g/gDLMK050/,,,,,,,,,,,,,,,,,,,,
184,ネイルホリック パステルスノー,,OR250,,ラメ,2,47123,DLMK250,,●,¥360,2017/02,4971710471236,https://maison.kose.co.jp/site/nailholic/g/gDLMK050/,,,,,,,,,,,,,,,,,,,,
185,ネイルホリック パステルスノー,,YE550,,ラメ,,47124,DLMK550,,●,¥360,2017/02,4971710471243,https://maison.kose.co.jp/site/nailholic/g/gDLMK050/,,,,,,,,,,,,,,,,,,,,
186,ネイルホリック パステルスノー,,GR750,,ラメ,2,47125,DLMK750,,●,¥360,2017/02,4971710471250,https://maison.kose.co.jp/site/nailholic/g/gDLMK050/,,,,,,,,,,,,,,,,,,,,
187,ネイルホリック パステルスノー,,PK850,,ラメ,2,47117,DLMK850,,●,¥360,2017/02,4971710471175,https://maison.kose.co.jp/site/nailholic/g/gDLMK050/,,,,,,,,,,,,,,,,,,,,
188,ネイルホリック パステルスノー,,PK851,,ラメ,2,47118,DLMK851,,●,¥360,2017/02,4971710471182,https://maison.kose.co.jp/site/nailholic/g/gDLMK050/,,,,,,,,,,,,,,,,,,,,
189,ネイルホリック パステルスノー,,BE852,,ラメ,2,47122,DLMK852,,●,¥360,2017/02,4971710471229,https://maison.kose.co.jp/site/nailholic/g/gDLMK050/,,,,,,,,,,,,,,,,,,,,
190,ネイルホリック パステルスノー,,BL950,,ラメ,2,47120,DLMK950,,●,¥360,2017/02,4971710471205,https://maison.kose.co.jp/site/nailholic/g/gDLMK050/,,,,,,,,,,,,,,,,,,,,
191,ネイルホリック オーロラグリッター,,WT062,,ラメ,3,50746,DLNN062,ORICOM様,●,¥360,2020/02,4971710507461,https://maison.kose.co.jp/site/nailholic/g/gDLNN864/,,,,,,,,,,,,,,,,,,,,
192,ネイルホリック オーロラグリッター,,PU163,,ラメ,2,50745,DLNN163,ORICOM様,●,¥360,2020/02,4971710507454,https://maison.kose.co.jp/site/nailholic/g/gDLNN864/,,,,,,,,,,,,,,,,,,,,
193,ネイルホリック オーロラグリッター,,YE563,,ラメ,,50742,DLNN563,ORICOM様,●,¥360,2020/02,4971710507423,https://maison.kose.co.jp/site/nailholic/g/gDLNN864/,,,,,,,,,,,,,,,,,,,,
194,ネイルホリック オーロラグリッター,,GR762,,ラメ,2,50743,DLNN762,ORICOM様,●,¥360,2020/02,4971710507430,https://maison.kose.co.jp/site/nailholic/g/gDLNN864/,,,,,,,,,,,,,,,,,,,,
195,ネイルホリック オーロラグリッター,,PK864,,ラメ,2,50741,DLNN864,ORICOM様,●,¥360,2020/02,4971710507416,https://maison.kose.co.jp/site/nailholic/g/gDLNN864/,,,,,,,,,,,,,,,,,,,,
196,ネイルホリック オーロラグリッター,,BL962,,ラメ,2,50744,DLNN962,ORICOM様,●,¥360,2020/02,4971710507447,https://maison.kose.co.jp/site/nailholic/g/gDLNN864/,,,,,,,,,,,,,,,,,,,,
197,ネイルホリック ２４＿７,,BE380,,,2,49406,DLNA380,,●,¥800,2019/07,4971710494068,https://maison.kose.co.jp/site/nailholic/g/gDLNA483/,,,,,,,,,,,,,,,,,,,,
198,ネイルホリック ２４＿７,,BE381,,,2,49407,DLNA381,,●,¥800,2019/07,4971710494075,https://maison.kose.co.jp/site/nailholic/g/gDLNA483/,,,,,,,,,,,,,,,,,,,,
199,ネイルホリック ２４＿７,,BE382,,,2,49408,DLNA382,,●,¥800,2019/07,4971710494082,https://maison.kose.co.jp/site/nailholic/g/gDLNA483/,,,,,,,,,,,,,,,,,,,,
200,ネイルホリック ２４＿７,,BE383,,,2,49409,DLNA383,,●,¥800,2019/07,4971710494099,https://maison.kose.co.jp/site/nailholic/g/gDLNA483/,,,,,,,,,,,,,,,,,,,,
201,ネイルホリック ２４＿７,,BE384,,,2,49784,DLNA384,ORICOM様,●,¥800,2020/02,4971710497847,https://maison.kose.co.jp/site/nailholic/g/gDLNA483/,,,,,,,,,,,,,,,,,,,,
202,ネイルホリック ２４＿７,,BE385,,,3,49785,DLNA385,ORICOM様,●,¥800,2020/02,4971710497854,https://maison.kose.co.jp/site/nailholic/g/gDLNA483/,,,,,,,,,,,,,,,,,,,,
203,ネイルホリック ２４＿７,,RD480,,,2,49405,DLNA480,,●,¥800,2019/07,4971710494051,https://maison.kose.co.jp/site/nailholic/g/gDLNA483/,,,,,,,,,,,,,,,,,,,,
204,ネイルホリック ２４＿７,,RD481,,,2,49413,DLNA481,,●,¥800,2019/07,4971710494136,https://maison.kose.co.jp/site/nailholic/g/gDLNA483/,,,,,,,,,,,,,,,,,,,,
205,ネイルホリック ２４＿７,,RD482,,,2,49781,DLNA482,ORICOM様,●,¥800,2020/02,4971710497816,https://maison.kose.co.jp/site/nailholic/g/gDLNA483/,,,,,,,,,,,,,,,,,,,,
206,ネイルホリック ２４＿７,,RD483,,,2,49782,DLNA483,ORICOM様,●,¥800,2020/02,4971710497823,https://maison.kose.co.jp/site/nailholic/g/gDLNA483/,,,,,,,,,,,,,,,,,,,,
207,ネイルホリック ２４＿７,,RD484,,,2,49783,DLNA484,ORICOM様,●,¥800,2020/02,4971710497830,https://maison.kose.co.jp/site/nailholic/g/gDLNA483/,,,,,,,,,,,,,,,,,,,,
208,ネイルホリック ２４＿７,,RO680,,,2,49414,DLNA680,,●,¥800,2019/07,4971710494143,https://maison.kose.co.jp/site/nailholic/g/gDLNA483/,,,,,,,,,,,,,,,,,,,,
209,ネイルホリック ２４＿７,,RO681,,,2,49790,DLNA681,ORICOM様,●,¥800,2020/02,4971710497908,https://maison.kose.co.jp/site/nailholic/g/gDLNA483/,,,,,,,,,,,,,,,,,,,,
210,ネイルホリック ２４＿７,,PK880,,,2,49410,DLNA880,,●,¥800,2019/07,4971710494105,https://maison.kose.co.jp/site/nailholic/g/gDLNA483/,,,,,,,,,,,,,,,,,,,,
211,ネイルホリック ２４＿７,,PK881,,,2,49411,DLNA881,,●,¥800,2019/07,4971710494112,https://maison.kose.co.jp/site/nailholic/g/gDLNA483/,,,,,,,,,,,,,,,,,,,,
212,ネイルホリック ２４＿７,,PK882,,,2,49412,DLNA882,,●,¥800,2019/07,4971710494129,https://maison.kose.co.jp/site/nailholic/g/gDLNA483/,,,,,,,,,,,,,,,,,,,,
213,ネイルホリック ２４＿７,,PK883,,,2,49786,DLNA883,ORICOM様,●,¥800,2020/02,4971710497861,https://maison.kose.co.jp/site/nailholic/g/gDLNA483/,,,,,,,,,,,,,,,,,,,,
214,ネイルホリック ２４＿７,,PK884,,,2,49787,DLNA884,ORICOM様,●,¥800,2020/02,4971710497878,https://maison.kose.co.jp/site/nailholic/g/gDLNA483/,,,,,,,,,,,,,,,,,,,,
215,ネイルホリック ２４＿７,,PK885,,,2,49788,DLNA885,ORICOM様,●,¥800,2020/02,4971710497885,https://maison.kose.co.jp/site/nailholic/g/gDLNA483/,,,,,,,,,,,,,,,,,,,,
216,ネイルホリック ２４＿７,,PK886,,,2,49789,DLNA886,ORICOM様,●,¥800,2020/02,4971710497892,https://maison.kose.co.jp/site/nailholic/g/gDLNA483/,,,,,,,,,,,,,,,,,,,,
217,ネイルホリック ２４＿７,,PK891,限定のため未,,2,,DLNB891,,"6/1(月)
以降",¥800,2020/08,4971710510263,https://maison.kose.co.jp/site/nailholic/g/gDLNA483/,,,,,,,,,,,,,,,,,,,,
218,ネイルホリック ２４＿７,,PK890,限定のため未,,2,,DLNB890,,"6/1(月)
以降",¥800,2020/08,4971710510270,https://maison.kose.co.jp/site/nailholic/g/gDLNA483/,,,,,,,,,,,,,,,,,,,,
219,ネイルホリック ２４＿７,,BE390,限定のため未,,2,,DLNB390,,"6/1(月)
以降",¥800,2020/08,4971710510287,https://maison.kose.co.jp/site/nailholic/g/gDLNA483/,,,,,,,,,,,,,,,,,,,,
220,ネイルホリック ２４＿７,,GY091,限定のため未,,2,,DLNB091,,"6/1(月)
以降",¥800,2020/08,4971710510294,https://maison.kose.co.jp/site/nailholic/g/gDLNA483/,,,,,,,,,,,,,,,,,,,,
221,ネイルホリック ２４＿７,,GY090,限定のため未,,2,,DLNB090,,"6/1(月)
以降",¥800,2020/08,4971710510300,https://maison.kose.co.jp/site/nailholic/g/gDLNA483/,,,,,,,,,,,,,,,,,,,,
222,ネイルホリック ２４＿７,,GR790,限定のため未,,2,,DLNB790,,"6/1(月)
以降",¥800,2020/08,4971710510317,https://maison.kose.co.jp/site/nailholic/g/gDLNA483/,,,,,,,,,,,,,,,,,,,,
223,ネイルホリック,フューチャーメタリック,BL940,,"ラメ
 偏光パール",,,DLNF940,,"6/1(月)
以降",¥360,2020/08,4971710510324,,,,,,,,,,,,,,,,,,,,,
224,ネイルホリック,フューチャーメタリック,GR740,,"ラメ
 偏光パール",,,DLNF740,,"6/1(月)
以降",¥360,2020/08,4971710510331,,,,,,,,,,,,,,,,,,,,,
225,ネイルホリック,フューチャーメタリック,PU140,,"ラメ
 偏光パール",,,DLNF140,,"6/1(月)
以降",¥360,2020/08,4971710510348,,,,,,,,,,,,,,,,,,,,,
226,ネイルホリック,フューチャーメタリック,RO640,,"ラメ
 偏光パール",,,DLNF640,,"6/1(月)
以降",¥360,2020/08,4971710510355,,,,,,,,,,,,,,,,,,,,,
227,ネイルホリック,フューチャーメタリック,PK842,,"ラメ
 偏光パール",,,DLNF842,,"6/1(月)
以降",¥360,2020/08,4971710510362,,,,,,,,,,,,,,,,,,,,,
228,ネイルホリック,フューチャーメタリック,BE340,,"ラメ
 偏光パール",,,DLNF340,,"6/1(月)
以降",¥360,2020/08,4971710510379,,,,,,,,,,,,,,,,,,,,,
229,ネイルホリック,フューチャーメタリック,GD046,,偏光パール,,,DLNF046,,"6/1(月)
以降",¥360,2020/08,4971710510386,,,,,,,,,,,,,,,,,,,,,
230,ネイルホリック,フューチャーメタリック,PK841,,偏光パール,,,DLNF841,,"6/1(月)
以降",¥360,2020/08,4971710510393,,,,,,,,,,,,,,,,,,,,,
231,ネイルホリック,フューチャーメタリック,PK840,,偏光パール,,,DLNF840,,"6/1(月)
以降",¥360,2020/08,4971710510409,,,,,,,,,,,,,,,,,,,,,
232,ネイルホリック,フューチャーメタリック,SV045,,偏光パール,,,DLNF045,,"6/1(月)
以降",¥360,2020/08,4971710510416,,,,,,,,,,,,,,,,,,,,,
233,ネイルホリック,ジャングルグリッター,BR330,,"パール
 ラメ",,,DLNJ330,,"6/1(月)
以降",¥360,2020/08,4971710510423,,,,,,,,,,,,,,,,,,,,,
234,ネイルホリック,ジャングルグリッター,BR331,,"パール
 ラメ",,,DLNJ331,,"6/1(月)
以降",¥360,2020/08,4971710510430,,,,,,,,,,,,,,,,,,,,,
235,ネイルホリック,ジャングルグリッター,PK332,,"パール
 ラメ",,,DLNJ332,,"6/1(月)
以降",¥360,2020/08,4971710510447,,,,,,,,,,,,,,,,,,,,,
236,ネイルホリック,ジャングルグリッター,GR730,,"パール
 ラメ",,,DLNJ730,,"6/1(月)
以降",¥360,2020/08,4971710510454,,,,,,,,,,,,,,,,,,,,,
237,ネイルホリック,ジャングルグリッター,GD033,,"パール
 ラメ",,,DLNJ033,,"6/1(月)
以降",¥360,2020/08,4971710510461,,,,,,,,,,,,,,,,,,,,,
238,ネイルホリック,ジャングルグリッター,BK032,,"パール
 ラメ",,,DLNJ032,,"6/1(月)
以降",¥360,2020/08,4971710510478,,,,,,,,,,,,,,,,,,,,,
